,images,label
0,/home/vinayak/cleaned_anime_faces/Megumi Kato/Megumi_Kato_14.png,train
1,/home/vinayak/cleaned_anime_faces/Megumi Kato/Megumi_Kato_29.jpg,train
2,/home/vinayak/cleaned_anime_faces/Megumi Kato/Megumi_Kato_3.jpg,train
3,/home/vinayak/cleaned_anime_faces/Megumi Kato/Megumi_Kato_20_balancing.jpg,train
4,/home/vinayak/cleaned_anime_faces/Megumi Kato/Megumi_Kato_2_balancing.png,train
5,/home/vinayak/cleaned_anime_faces/Megumi Kato/Megumi_Kato_10.png,train
6,/home/vinayak/cleaned_anime_faces/Megumi Kato/Megumi_Kato_21.png,train
7,/home/vinayak/cleaned_anime_faces/Megumi Kato/Megumi_Kato_7.jpg,train
8,/home/vinayak/cleaned_anime_faces/Megumi Kato/Megumi_Kato_5.jpg,train
9,/home/vinayak/cleaned_anime_faces/Megumi Kato/Megumi_Kato_4.jpg,train
10,/home/vinayak/cleaned_anime_faces/Megumi Kato/Megumi_Kato_1.jpg,train
11,/home/vinayak/cleaned_anime_faces/Megumi Kato/Megumi_Kato_16.png,train
12,/home/vinayak/cleaned_anime_faces/Megumi Kato/Megumi_Kato_30.jpg,train
13,/home/vinayak/cleaned_anime_faces/Megumi Kato/Megumi_Kato_25.jpg,train
14,/home/vinayak/cleaned_anime_faces/Megumi Kato/Megumi_Kato_17.jpg,train
15,/home/vinayak/cleaned_anime_faces/Megumi Kato/Megumi_Kato_20.jpg,train
16,/home/vinayak/cleaned_anime_faces/Megumi Kato/Megumi_Kato_27.jpg,train
17,/home/vinayak/cleaned_anime_faces/Megumi Kato/Megumi_Kato_18.jpg,train
18,/home/vinayak/cleaned_anime_faces/Megumi Kato/Megumi_Kato_12.jpg,train
19,/home/vinayak/cleaned_anime_faces/Megumi Kato/Megumi_Kato_28.jpg,train
20,/home/vinayak/cleaned_anime_faces/Megumi Kato/Megumi_Kato_6.jpg,train
21,/home/vinayak/cleaned_anime_faces/Megumi Kato/Megumi_Kato_11.jpg,train
22,/home/vinayak/cleaned_anime_faces/Megumi Kato/Megumi_Kato_22.jpg,train
23,/home/vinayak/cleaned_anime_faces/Megumi Kato/Megumi_Kato_26.png,train
24,/home/vinayak/cleaned_anime_faces/Seijuro Akashi/Seijuro_Akashi_29.jpg,train
25,/home/vinayak/cleaned_anime_faces/Seijuro Akashi/Seijuro_Akashi_3_balancing.jpg,train
26,/home/vinayak/cleaned_anime_faces/Seijuro Akashi/Seijuro_Akashi_3.jpg,train
27,/home/vinayak/cleaned_anime_faces/Seijuro Akashi/Seijuro_Akashi_22.jpg,train
28,/home/vinayak/cleaned_anime_faces/Seijuro Akashi/Seijuro_Akashi_19.jpg,train
29,/home/vinayak/cleaned_anime_faces/Seijuro Akashi/Seijuro_Akashi_13.png,train
30,/home/vinayak/cleaned_anime_faces/Seijuro Akashi/Seijuro_Akashi_7.png,train
31,/home/vinayak/cleaned_anime_faces/Seijuro Akashi/Seijuro_Akashi_25.jpg,train
32,/home/vinayak/cleaned_anime_faces/Seijuro Akashi/Seijuro_Akashi_12.png,train
33,/home/vinayak/cleaned_anime_faces/Seijuro Akashi/Seijuro_Akashi_24.png,train
34,/home/vinayak/cleaned_anime_faces/Seijuro Akashi/Seijuro_Akashi_4_balancing.jpg,train
35,/home/vinayak/cleaned_anime_faces/Seijuro Akashi/Seijuro_Akashi_6.jpg,train
36,/home/vinayak/cleaned_anime_faces/Seijuro Akashi/Seijuro_Akashi_23.jpg,train
37,/home/vinayak/cleaned_anime_faces/Seijuro Akashi/Seijuro_Akashi_15.png,train
38,/home/vinayak/cleaned_anime_faces/Seijuro Akashi/Seijuro_Akashi_16.png,train
39,/home/vinayak/cleaned_anime_faces/Seijuro Akashi/Seijuro_Akashi_2_balancing.jpg,train
40,/home/vinayak/cleaned_anime_faces/Seijuro Akashi/Seijuro_Akashi_21.png,train
41,/home/vinayak/cleaned_anime_faces/Seijuro Akashi/Seijuro_Akashi_20.jpg,train
42,/home/vinayak/cleaned_anime_faces/Seijuro Akashi/Seijuro_Akashi_22_balancing.jpg,train
43,/home/vinayak/cleaned_anime_faces/Seijuro Akashi/Seijuro_Akashi_26.jpg,train
44,/home/vinayak/cleaned_anime_faces/Seijuro Akashi/Seijuro_Akashi_5.jpg,train
45,/home/vinayak/cleaned_anime_faces/Seijuro Akashi/Seijuro_Akashi_18.png,train
46,/home/vinayak/cleaned_anime_faces/Seijuro Akashi/Seijuro_Akashi_23_balancing.jpg,train
47,/home/vinayak/cleaned_anime_faces/Seijuro Akashi/Seijuro_Akashi_20_balancing.jpg,train
48,/home/vinayak/cleaned_anime_faces/Michiru Hyodo/Michiru_Hyodo_24_balancing.png,train
49,/home/vinayak/cleaned_anime_faces/Michiru Hyodo/Michiru_Hyodo_16.jpg,train
50,/home/vinayak/cleaned_anime_faces/Michiru Hyodo/Michiru_Hyodo_4.jpg,train
51,/home/vinayak/cleaned_anime_faces/Michiru Hyodo/Michiru_Hyodo_1.jpg,train
52,/home/vinayak/cleaned_anime_faces/Michiru Hyodo/Michiru_Hyodo_23.jpg,train
53,/home/vinayak/cleaned_anime_faces/Michiru Hyodo/Michiru_Hyodo_11.jpg,train
54,/home/vinayak/cleaned_anime_faces/Michiru Hyodo/Michiru_Hyodo_5_balancing.jpg,train
55,/home/vinayak/cleaned_anime_faces/Michiru Hyodo/Michiru_Hyodo_18_balancing.jpg,train
56,/home/vinayak/cleaned_anime_faces/Michiru Hyodo/Michiru_Hyodo_26.jpg,train
57,/home/vinayak/cleaned_anime_faces/Michiru Hyodo/Michiru_Hyodo_20_balancing.jpg,train
58,/home/vinayak/cleaned_anime_faces/Michiru Hyodo/Michiru_Hyodo_24.png,train
59,/home/vinayak/cleaned_anime_faces/Michiru Hyodo/Michiru_Hyodo_6.png,train
60,/home/vinayak/cleaned_anime_faces/Michiru Hyodo/Michiru_Hyodo_14_balancing.jpg,train
61,/home/vinayak/cleaned_anime_faces/Michiru Hyodo/Michiru_Hyodo_17.jpg,train
62,/home/vinayak/cleaned_anime_faces/Michiru Hyodo/Michiru_Hyodo_20.jpg,train
63,/home/vinayak/cleaned_anime_faces/Michiru Hyodo/Michiru_Hyodo_14.jpg,train
64,/home/vinayak/cleaned_anime_faces/Michiru Hyodo/Michiru_Hyodo_10.jpg,train
65,/home/vinayak/cleaned_anime_faces/Michiru Hyodo/Michiru_Hyodo_22.jpg,train
66,/home/vinayak/cleaned_anime_faces/Michiru Hyodo/Michiru_Hyodo_28.jpg,train
67,/home/vinayak/cleaned_anime_faces/Michiru Hyodo/Michiru_Hyodo_13.png,train
68,/home/vinayak/cleaned_anime_faces/Michiru Hyodo/Michiru_Hyodo_18.jpg,train
69,/home/vinayak/cleaned_anime_faces/Michiru Hyodo/Michiru_Hyodo_15_balancing.png,train
70,/home/vinayak/cleaned_anime_faces/Michiru Hyodo/Michiru_Hyodo_15.png,train
71,/home/vinayak/cleaned_anime_faces/Michiru Hyodo/Michiru_Hyodo_5.jpg,train
72,/home/vinayak/cleaned_anime_faces/Satowa Hozuki/Satowa_Hozuki_26.jpg,train
73,/home/vinayak/cleaned_anime_faces/Satowa Hozuki/Satowa_Hozuki_29.png,train
74,/home/vinayak/cleaned_anime_faces/Satowa Hozuki/Satowa_Hozuki_28.jpg,train
75,/home/vinayak/cleaned_anime_faces/Satowa Hozuki/Satowa_Hozuki_8.png,train
76,/home/vinayak/cleaned_anime_faces/Satowa Hozuki/Satowa_Hozuki_23.jpg,train
77,/home/vinayak/cleaned_anime_faces/Satowa Hozuki/Satowa_Hozuki_24.jpg,train
78,/home/vinayak/cleaned_anime_faces/Satowa Hozuki/Satowa_Hozuki_12.jpg,train
79,/home/vinayak/cleaned_anime_faces/Satowa Hozuki/Satowa_Hozuki_10.jpg,train
80,/home/vinayak/cleaned_anime_faces/Satowa Hozuki/Satowa_Hozuki_30_1_balancing.jpg,train
81,/home/vinayak/cleaned_anime_faces/Satowa Hozuki/Satowa_Hozuki_7.jpg,train
82,/home/vinayak/cleaned_anime_faces/Satowa Hozuki/Satowa_Hozuki_30_1.jpg,train
83,/home/vinayak/cleaned_anime_faces/Satowa Hozuki/Satowa_Hozuki_16.jpg,train
84,/home/vinayak/cleaned_anime_faces/Satowa Hozuki/Satowa_Hozuki_17.jpg,train
85,/home/vinayak/cleaned_anime_faces/Satowa Hozuki/Satowa_Hozuki_18.jpg,train
86,/home/vinayak/cleaned_anime_faces/Satowa Hozuki/Satowa_Hozuki_1.jpg,train
87,/home/vinayak/cleaned_anime_faces/Satowa Hozuki/Satowa_Hozuki_27.jpg,train
88,/home/vinayak/cleaned_anime_faces/Satowa Hozuki/Satowa_Hozuki_5.jpg,train
89,/home/vinayak/cleaned_anime_faces/Satowa Hozuki/Satowa_Hozuki_13.jpg,train
90,/home/vinayak/cleaned_anime_faces/Satowa Hozuki/Satowa_Hozuki_9.jpg,train
91,/home/vinayak/cleaned_anime_faces/Satowa Hozuki/Satowa_Hozuki_11.png,train
92,/home/vinayak/cleaned_anime_faces/Satowa Hozuki/Satowa_Hozuki_18_balancing.jpg,train
93,/home/vinayak/cleaned_anime_faces/Satowa Hozuki/Satowa_Hozuki_6.jpg,train
94,/home/vinayak/cleaned_anime_faces/Satowa Hozuki/Satowa_Hozuki_10_balancing.jpg,train
95,/home/vinayak/cleaned_anime_faces/Satowa Hozuki/Satowa_Hozuki_9_balancing.jpg,train
96,/home/vinayak/cleaned_anime_faces/Narumi Momose/Narumi_Momose_18.png,train
97,/home/vinayak/cleaned_anime_faces/Narumi Momose/Narumi_Momose_23_balancing.jpg,train
98,/home/vinayak/cleaned_anime_faces/Narumi Momose/Narumi_Momose_29.jpg,train
99,/home/vinayak/cleaned_anime_faces/Narumi Momose/Narumi_Momose_22.jpg,train
100,/home/vinayak/cleaned_anime_faces/Narumi Momose/Narumi_Momose_17.jpg,train
101,/home/vinayak/cleaned_anime_faces/Narumi Momose/Narumi_Momose_8.jpg,train
102,/home/vinayak/cleaned_anime_faces/Narumi Momose/Narumi_Momose_6.jpg,train
103,/home/vinayak/cleaned_anime_faces/Narumi Momose/Narumi_Momose_13.jpg,train
104,/home/vinayak/cleaned_anime_faces/Narumi Momose/Narumi_Momose_29_balancing.jpg,train
105,/home/vinayak/cleaned_anime_faces/Narumi Momose/Narumi_Momose_24_balancing.jpg,train
106,/home/vinayak/cleaned_anime_faces/Narumi Momose/Narumi_Momose_11.png,train
107,/home/vinayak/cleaned_anime_faces/Narumi Momose/Narumi_Momose_19_balancing.png,train
108,/home/vinayak/cleaned_anime_faces/Narumi Momose/Narumi_Momose_27.jpg,train
109,/home/vinayak/cleaned_anime_faces/Narumi Momose/Narumi_Momose_23.jpg,train
110,/home/vinayak/cleaned_anime_faces/Narumi Momose/Narumi_Momose_19.png,train
111,/home/vinayak/cleaned_anime_faces/Narumi Momose/Narumi_Momose_5.png,train
112,/home/vinayak/cleaned_anime_faces/Narumi Momose/Narumi_Momose_30.jpg,train
113,/home/vinayak/cleaned_anime_faces/Narumi Momose/Narumi_Momose_21.jpg,train
114,/home/vinayak/cleaned_anime_faces/Narumi Momose/Narumi_Momose_20.png,train
115,/home/vinayak/cleaned_anime_faces/Narumi Momose/Narumi_Momose_18_balancing.png,train
116,/home/vinayak/cleaned_anime_faces/Narumi Momose/Narumi_Momose_28.jpg,train
117,/home/vinayak/cleaned_anime_faces/Narumi Momose/Narumi_Momose_19_1.png,train
118,/home/vinayak/cleaned_anime_faces/Narumi Momose/Narumi_Momose_3_balancing.jpg,train
119,/home/vinayak/cleaned_anime_faces/Narumi Momose/Narumi_Momose_24.jpg,train
120,/home/vinayak/cleaned_anime_faces/Kise Ryota/Kise_Ryota_9.jpg,train
121,/home/vinayak/cleaned_anime_faces/Kise Ryota/Kise_Ryota_1.jpg,train
122,/home/vinayak/cleaned_anime_faces/Kise Ryota/Kise_Ryota_17.jpg,train
123,/home/vinayak/cleaned_anime_faces/Kise Ryota/Kise_Ryota_22.jpg,train
124,/home/vinayak/cleaned_anime_faces/Kise Ryota/Kise_Ryota_19.jpg,train
125,/home/vinayak/cleaned_anime_faces/Kise Ryota/Kise_Ryota_8.jpg,train
126,/home/vinayak/cleaned_anime_faces/Kise Ryota/Kise_Ryota_3.jpg,train
127,/home/vinayak/cleaned_anime_faces/Kise Ryota/Kise_Ryota_28.png,train
128,/home/vinayak/cleaned_anime_faces/Kise Ryota/Kise_Ryota_27.jpg,train
129,/home/vinayak/cleaned_anime_faces/Kise Ryota/Kise_Ryota_24.jpg,train
130,/home/vinayak/cleaned_anime_faces/Kise Ryota/Kise_Ryota_7.jpg,train
131,/home/vinayak/cleaned_anime_faces/Kise Ryota/Kise_Ryota_13.png,train
132,/home/vinayak/cleaned_anime_faces/Kise Ryota/Kise_Ryota_12.jpg,train
133,/home/vinayak/cleaned_anime_faces/Kise Ryota/Kise_Ryota_15.jpg,train
134,/home/vinayak/cleaned_anime_faces/Kise Ryota/Kise_Ryota_29.jpg,train
135,/home/vinayak/cleaned_anime_faces/Kise Ryota/Kise_Ryota_11.jpg,train
136,/home/vinayak/cleaned_anime_faces/Kise Ryota/Kise_Ryota_26.jpg,train
137,/home/vinayak/cleaned_anime_faces/Kise Ryota/Kise_Ryota_5_balancing.jpg,train
138,/home/vinayak/cleaned_anime_faces/Kise Ryota/Kise_Ryota_10.png,train
139,/home/vinayak/cleaned_anime_faces/Kise Ryota/Kise_Ryota_18.png,train
140,/home/vinayak/cleaned_anime_faces/Kise Ryota/Kise_Ryota_2.jpg,train
141,/home/vinayak/cleaned_anime_faces/Kise Ryota/Kise_Ryota_23.jpg,train
142,/home/vinayak/cleaned_anime_faces/Kise Ryota/Kise_Ryota_5.jpg,train
143,/home/vinayak/cleaned_anime_faces/Kise Ryota/Kise_Ryota_30.jpg,train
144,/home/vinayak/cleaned_anime_faces/Ushijima Wakatoshi/Ushijima_Wakatoshi_20_1.jpg,train
145,/home/vinayak/cleaned_anime_faces/Ushijima Wakatoshi/Ushijima_Wakatoshi_17.jpg,train
146,/home/vinayak/cleaned_anime_faces/Ushijima Wakatoshi/Ushijima_Wakatoshi_9.jpg,train
147,/home/vinayak/cleaned_anime_faces/Ushijima Wakatoshi/Ushijima_Wakatoshi_21.jpg,train
148,/home/vinayak/cleaned_anime_faces/Ushijima Wakatoshi/Ushijima_Wakatoshi_6.jpg,train
149,/home/vinayak/cleaned_anime_faces/Ushijima Wakatoshi/Ushijima_Wakatoshi_11.jpg,train
150,/home/vinayak/cleaned_anime_faces/Ushijima Wakatoshi/Ushijima_Wakatoshi_20_2.jpg,train
151,/home/vinayak/cleaned_anime_faces/Ushijima Wakatoshi/Ushijima_Wakatoshi_4.jpg,train
152,/home/vinayak/cleaned_anime_faces/Ushijima Wakatoshi/Ushijima_Wakatoshi_16.png,train
153,/home/vinayak/cleaned_anime_faces/Ushijima Wakatoshi/Ushijima_Wakatoshi_8.jpg,train
154,/home/vinayak/cleaned_anime_faces/Ushijima Wakatoshi/Ushijima_Wakatoshi_5.jpg,train
155,/home/vinayak/cleaned_anime_faces/Ushijima Wakatoshi/Ushijima_Wakatoshi_20.jpg,train
156,/home/vinayak/cleaned_anime_faces/Ushijima Wakatoshi/Ushijima_Wakatoshi_7.jpg,train
157,/home/vinayak/cleaned_anime_faces/Ushijima Wakatoshi/Ushijima_Wakatoshi_20_balancing.jpg,train
158,/home/vinayak/cleaned_anime_faces/Ushijima Wakatoshi/Ushijima_Wakatoshi_13.jpg,train
159,/home/vinayak/cleaned_anime_faces/Ushijima Wakatoshi/Ushijima_Wakatoshi_23.jpg,train
160,/home/vinayak/cleaned_anime_faces/Ushijima Wakatoshi/Ushijima_Wakatoshi_14.jpg,train
161,/home/vinayak/cleaned_anime_faces/Ushijima Wakatoshi/Ushijima_Wakatoshi_24.png,train
162,/home/vinayak/cleaned_anime_faces/Ushijima Wakatoshi/Ushijima_Wakatoshi_20_3.jpg,train
163,/home/vinayak/cleaned_anime_faces/Ushijima Wakatoshi/Ushijima_Wakatoshi_14_1.jpg,train
164,/home/vinayak/cleaned_anime_faces/Ushijima Wakatoshi/Ushijima_Wakatoshi_19.jpg,train
165,/home/vinayak/cleaned_anime_faces/Ushijima Wakatoshi/Ushijima_Wakatoshi_18.jpg,train
166,/home/vinayak/cleaned_anime_faces/Ushijima Wakatoshi/Ushijima_Wakatoshi_14_1_balancing.jpg,train
167,/home/vinayak/cleaned_anime_faces/Ushijima Wakatoshi/Ushijima_Wakatoshi_30_balancing.jpg,train
168,/home/vinayak/cleaned_anime_faces/Arima Kousei/Arima_Kousei_1.jpg,train
169,/home/vinayak/cleaned_anime_faces/Arima Kousei/Arima_Kousei_24.jpg,train
170,/home/vinayak/cleaned_anime_faces/Arima Kousei/Arima_Kousei_5_2.jpg,train
171,/home/vinayak/cleaned_anime_faces/Arima Kousei/Arima_Kousei_7.jpg,train
172,/home/vinayak/cleaned_anime_faces/Arima Kousei/Arima_Kousei_3.jpg,train
173,/home/vinayak/cleaned_anime_faces/Arima Kousei/Arima_Kousei_19.jpg,train
174,/home/vinayak/cleaned_anime_faces/Arima Kousei/Arima_Kousei_30.jpg,train
175,/home/vinayak/cleaned_anime_faces/Arima Kousei/Arima_Kousei_5.jpg,train
176,/home/vinayak/cleaned_anime_faces/Arima Kousei/Arima_Kousei_13.jpg,train
177,/home/vinayak/cleaned_anime_faces/Arima Kousei/Arima_Kousei_12.jpg,train
178,/home/vinayak/cleaned_anime_faces/Arima Kousei/Arima_Kousei_17_balancing.png,train
179,/home/vinayak/cleaned_anime_faces/Arima Kousei/Arima_Kousei_14.jpg,train
180,/home/vinayak/cleaned_anime_faces/Arima Kousei/Arima_Kousei_9.jpg,train
181,/home/vinayak/cleaned_anime_faces/Arima Kousei/Arima_Kousei_17.png,train
182,/home/vinayak/cleaned_anime_faces/Arima Kousei/Arima_Kousei_4.jpg,train
183,/home/vinayak/cleaned_anime_faces/Arima Kousei/Arima_Kousei_6.jpg,train
184,/home/vinayak/cleaned_anime_faces/Arima Kousei/Arima_Kousei_27.png,train
185,/home/vinayak/cleaned_anime_faces/Arima Kousei/Arima_Kousei_11.jpg,train
186,/home/vinayak/cleaned_anime_faces/Arima Kousei/Arima_Kousei_15.png,train
187,/home/vinayak/cleaned_anime_faces/Arima Kousei/Arima_Kousei_28.jpg,train
188,/home/vinayak/cleaned_anime_faces/Arima Kousei/Arima_Kousei_28_balancing.jpg,train
189,/home/vinayak/cleaned_anime_faces/Arima Kousei/Arima_Kousei_18.jpg,train
190,/home/vinayak/cleaned_anime_faces/Arima Kousei/Arima_Kousei_21.jpg,train
191,/home/vinayak/cleaned_anime_faces/Arima Kousei/Arima_Kousei_22.jpg,train
192,/home/vinayak/cleaned_anime_faces/Kaori Miyazono/Kaori_Miyazono_6.jpg,train
193,/home/vinayak/cleaned_anime_faces/Kaori Miyazono/Kaori_Miyazono_8.png,train
194,/home/vinayak/cleaned_anime_faces/Kaori Miyazono/Kaori_Miyazono_21.jpg,train
195,/home/vinayak/cleaned_anime_faces/Kaori Miyazono/Kaori_Miyazono_24.png,train
196,/home/vinayak/cleaned_anime_faces/Kaori Miyazono/Kaori_Miyazono_1_balancing.jpg,train
197,/home/vinayak/cleaned_anime_faces/Kaori Miyazono/Kaori_Miyazono_7.jpg,train
198,/home/vinayak/cleaned_anime_faces/Kaori Miyazono/Kaori_Miyazono_15.jpg,train
199,/home/vinayak/cleaned_anime_faces/Kaori Miyazono/Kaori_Miyazono_2.jpg,train
200,/home/vinayak/cleaned_anime_faces/Kaori Miyazono/Kaori_Miyazono_17.jpg,train
201,/home/vinayak/cleaned_anime_faces/Kaori Miyazono/Kaori_Miyazono_25.jpg,train
202,/home/vinayak/cleaned_anime_faces/Kaori Miyazono/Kaori_Miyazono_14.jpg,train
203,/home/vinayak/cleaned_anime_faces/Kaori Miyazono/Kaori_Miyazono_28.png,train
204,/home/vinayak/cleaned_anime_faces/Kaori Miyazono/Kaori_Miyazono_3.jpg,train
205,/home/vinayak/cleaned_anime_faces/Kaori Miyazono/Kaori_Miyazono_7_balancing.jpg,train
206,/home/vinayak/cleaned_anime_faces/Kaori Miyazono/Kaori_Miyazono_16.png,train
207,/home/vinayak/cleaned_anime_faces/Kaori Miyazono/Kaori_Miyazono_23.png,train
208,/home/vinayak/cleaned_anime_faces/Kaori Miyazono/Kaori_Miyazono_19.jpg,train
209,/home/vinayak/cleaned_anime_faces/Kaori Miyazono/Kaori_Miyazono_9.jpg,train
210,/home/vinayak/cleaned_anime_faces/Kaori Miyazono/Kaori_Miyazono_20.png,train
211,/home/vinayak/cleaned_anime_faces/Kaori Miyazono/Kaori_Miyazono_29.png,train
212,/home/vinayak/cleaned_anime_faces/Kaori Miyazono/Kaori_Miyazono_12.jpg,train
213,/home/vinayak/cleaned_anime_faces/Kaori Miyazono/Kaori_Miyazono_22.png,train
214,/home/vinayak/cleaned_anime_faces/Kaori Miyazono/Kaori_Miyazono_13.jpg,train
215,/home/vinayak/cleaned_anime_faces/Kaori Miyazono/Kaori_Miyazono_1.jpg,train
216,/home/vinayak/cleaned_anime_faces/Midorima Shintaro/Midorima_Shintaro_1.png,train
217,/home/vinayak/cleaned_anime_faces/Midorima Shintaro/Midorima_Shintaro_25.png,train
218,/home/vinayak/cleaned_anime_faces/Midorima Shintaro/Midorima_Shintaro_20.jpg,train
219,/home/vinayak/cleaned_anime_faces/Midorima Shintaro/Midorima_Shintaro_6.jpg,train
220,/home/vinayak/cleaned_anime_faces/Midorima Shintaro/Midorima_Shintaro_30.jpg,train
221,/home/vinayak/cleaned_anime_faces/Midorima Shintaro/Midorima_Shintaro_4.jpg,train
222,/home/vinayak/cleaned_anime_faces/Midorima Shintaro/Midorima_Shintaro_21.jpg,train
223,/home/vinayak/cleaned_anime_faces/Midorima Shintaro/Midorima_Shintaro_29.png,train
224,/home/vinayak/cleaned_anime_faces/Midorima Shintaro/Midorima_Shintaro_24.jpg,train
225,/home/vinayak/cleaned_anime_faces/Midorima Shintaro/Midorima_Shintaro_19.jpg,train
226,/home/vinayak/cleaned_anime_faces/Midorima Shintaro/Midorima_Shintaro_14.jpg,train
227,/home/vinayak/cleaned_anime_faces/Midorima Shintaro/Midorima_Shintaro_17.png,train
228,/home/vinayak/cleaned_anime_faces/Midorima Shintaro/Midorima_Shintaro_22.jpg,train
229,/home/vinayak/cleaned_anime_faces/Midorima Shintaro/Midorima_Shintaro_1_balancing.png,train
230,/home/vinayak/cleaned_anime_faces/Midorima Shintaro/Midorima_Shintaro_9.png,train
231,/home/vinayak/cleaned_anime_faces/Midorima Shintaro/Midorima_Shintaro_23.jpg,train
232,/home/vinayak/cleaned_anime_faces/Midorima Shintaro/Midorima_Shintaro_28.jpg,train
233,/home/vinayak/cleaned_anime_faces/Midorima Shintaro/Midorima_Shintaro_11.png,train
234,/home/vinayak/cleaned_anime_faces/Midorima Shintaro/Midorima_Shintaro_4_balancing.jpg,train
235,/home/vinayak/cleaned_anime_faces/Midorima Shintaro/Midorima_Shintaro_3.jpg,train
236,/home/vinayak/cleaned_anime_faces/Midorima Shintaro/Midorima_Shintaro_28_balancing.jpg,train
237,/home/vinayak/cleaned_anime_faces/Midorima Shintaro/Midorima_Shintaro_16.jpg,train
238,/home/vinayak/cleaned_anime_faces/Midorima Shintaro/Midorima_Shintaro_2.jpg,train
239,/home/vinayak/cleaned_anime_faces/Midorima Shintaro/Midorima_Shintaro_13.jpg,train
240,/home/vinayak/cleaned_anime_faces/Utaha Kasumigaoka/Utaha_Kasumigaoka_23.jpg,train
241,/home/vinayak/cleaned_anime_faces/Utaha Kasumigaoka/Utaha_Kasumigaoka_27.jpg,train
242,/home/vinayak/cleaned_anime_faces/Utaha Kasumigaoka/Utaha_Kasumigaoka_16.jpg,train
243,/home/vinayak/cleaned_anime_faces/Utaha Kasumigaoka/Utaha_Kasumigaoka_10.jpg,train
244,/home/vinayak/cleaned_anime_faces/Utaha Kasumigaoka/Utaha_Kasumigaoka_8.jpg,train
245,/home/vinayak/cleaned_anime_faces/Utaha Kasumigaoka/Utaha_Kasumigaoka_17.jpg,train
246,/home/vinayak/cleaned_anime_faces/Utaha Kasumigaoka/Utaha_Kasumigaoka_13.jpg,train
247,/home/vinayak/cleaned_anime_faces/Utaha Kasumigaoka/Utaha_Kasumigaoka_21.jpg,train
248,/home/vinayak/cleaned_anime_faces/Utaha Kasumigaoka/Utaha_Kasumigaoka_29.jpg,train
249,/home/vinayak/cleaned_anime_faces/Utaha Kasumigaoka/Utaha_Kasumigaoka_28.jpg,train
250,/home/vinayak/cleaned_anime_faces/Utaha Kasumigaoka/Utaha_Kasumigaoka_22.jpg,train
251,/home/vinayak/cleaned_anime_faces/Utaha Kasumigaoka/Utaha_Kasumigaoka_14.jpg,train
252,/home/vinayak/cleaned_anime_faces/Utaha Kasumigaoka/Utaha_Kasumigaoka_7.png,train
253,/home/vinayak/cleaned_anime_faces/Utaha Kasumigaoka/Utaha_Kasumigaoka_12_balancing.jpg,train
254,/home/vinayak/cleaned_anime_faces/Utaha Kasumigaoka/Utaha_Kasumigaoka_30.jpg,train
255,/home/vinayak/cleaned_anime_faces/Utaha Kasumigaoka/Utaha_Kasumigaoka_2.jpg,train
256,/home/vinayak/cleaned_anime_faces/Utaha Kasumigaoka/Utaha_Kasumigaoka_26_balancing.png,train
257,/home/vinayak/cleaned_anime_faces/Utaha Kasumigaoka/Utaha_Kasumigaoka_9.jpg,train
258,/home/vinayak/cleaned_anime_faces/Utaha Kasumigaoka/Utaha_Kasumigaoka_25.png,train
259,/home/vinayak/cleaned_anime_faces/Utaha Kasumigaoka/Utaha_Kasumigaoka_2_balancing.jpg,train
260,/home/vinayak/cleaned_anime_faces/Utaha Kasumigaoka/Utaha_Kasumigaoka_3.jpg,train
261,/home/vinayak/cleaned_anime_faces/Utaha Kasumigaoka/Utaha_Kasumigaoka_5.jpg,train
262,/home/vinayak/cleaned_anime_faces/Utaha Kasumigaoka/Utaha_Kasumigaoka_24.png,train
263,/home/vinayak/cleaned_anime_faces/Utaha Kasumigaoka/Utaha_Kasumigaoka_12.jpg,train
264,/home/vinayak/cleaned_anime_faces/Ruka Sarashina/Ruka_Sarashina_16.jpg,train
265,/home/vinayak/cleaned_anime_faces/Ruka Sarashina/Ruka_Sarashina_2.jpg,train
266,/home/vinayak/cleaned_anime_faces/Ruka Sarashina/Ruka_Sarashina_6_4.jpg,train
267,/home/vinayak/cleaned_anime_faces/Ruka Sarashina/Ruka_Sarashina_29.jpg,train
268,/home/vinayak/cleaned_anime_faces/Ruka Sarashina/Ruka_Sarashina_8.jpg,train
269,/home/vinayak/cleaned_anime_faces/Ruka Sarashina/Ruka_Sarashina_24.jpg,train
270,/home/vinayak/cleaned_anime_faces/Ruka Sarashina/Ruka_Sarashina_1.jpg,train
271,/home/vinayak/cleaned_anime_faces/Ruka Sarashina/Ruka_Sarashina_6_3.jpg,train
272,/home/vinayak/cleaned_anime_faces/Ruka Sarashina/Ruka_Sarashina_6.jpg,train
273,/home/vinayak/cleaned_anime_faces/Ruka Sarashina/Ruka_Sarashina_15.jpg,train
274,/home/vinayak/cleaned_anime_faces/Ruka Sarashina/Ruka_Sarashina_6_1.jpg,train
275,/home/vinayak/cleaned_anime_faces/Ruka Sarashina/Ruka_Sarashina_21.png,train
276,/home/vinayak/cleaned_anime_faces/Ruka Sarashina/Ruka_Sarashina_25.jpg,train
277,/home/vinayak/cleaned_anime_faces/Ruka Sarashina/Ruka_Sarashina_28.jpg,train
278,/home/vinayak/cleaned_anime_faces/Ruka Sarashina/Ruka_Sarashina_12.png,train
279,/home/vinayak/cleaned_anime_faces/Ruka Sarashina/Ruka_Sarashina_27.jpg,train
280,/home/vinayak/cleaned_anime_faces/Ruka Sarashina/Ruka_Sarashina_14.jpg,train
281,/home/vinayak/cleaned_anime_faces/Ruka Sarashina/Ruka_Sarashina_22.jpg,train
282,/home/vinayak/cleaned_anime_faces/Ruka Sarashina/Ruka_Sarashina_7.png,train
283,/home/vinayak/cleaned_anime_faces/Ruka Sarashina/Ruka_Sarashina_23.jpg,train
284,/home/vinayak/cleaned_anime_faces/Ruka Sarashina/Ruka_Sarashina_26.png,train
285,/home/vinayak/cleaned_anime_faces/Ruka Sarashina/Ruka_Sarashina_24_1.jpg,train
286,/home/vinayak/cleaned_anime_faces/Ruka Sarashina/Ruka_Sarashina_18.png,train
287,/home/vinayak/cleaned_anime_faces/Ruka Sarashina/Ruka_Sarashina_20.jpg,train
288,/home/vinayak/cleaned_anime_faces/Kotaro Bokuto/Kotaro_Bokuto_17.jpg,train
289,/home/vinayak/cleaned_anime_faces/Kotaro Bokuto/Kotaro_Bokuto_28.jpg,train
290,/home/vinayak/cleaned_anime_faces/Kotaro Bokuto/Kotaro_Bokuto_9.png,train
291,/home/vinayak/cleaned_anime_faces/Kotaro Bokuto/Kotaro_Bokuto_25.jpg,train
292,/home/vinayak/cleaned_anime_faces/Kotaro Bokuto/Kotaro_Bokuto_2_balancing.jpg,train
293,/home/vinayak/cleaned_anime_faces/Kotaro Bokuto/Kotaro_Bokuto_9_balancing.png,train
294,/home/vinayak/cleaned_anime_faces/Kotaro Bokuto/Kotaro_Bokuto_5.jpg,train
295,/home/vinayak/cleaned_anime_faces/Kotaro Bokuto/Kotaro_Bokuto_22.png,train
296,/home/vinayak/cleaned_anime_faces/Kotaro Bokuto/Kotaro_Bokuto_2.jpg,train
297,/home/vinayak/cleaned_anime_faces/Kotaro Bokuto/Kotaro_Bokuto_4.jpg,train
298,/home/vinayak/cleaned_anime_faces/Kotaro Bokuto/Kotaro_Bokuto_1.jpg,train
299,/home/vinayak/cleaned_anime_faces/Kotaro Bokuto/Kotaro_Bokuto_15.jpg,train
300,/home/vinayak/cleaned_anime_faces/Kotaro Bokuto/Kotaro_Bokuto_7.jpg,train
301,/home/vinayak/cleaned_anime_faces/Kotaro Bokuto/Kotaro_Bokuto_27_balancing.png,train
302,/home/vinayak/cleaned_anime_faces/Kotaro Bokuto/Kotaro_Bokuto_4_balancing.jpg,train
303,/home/vinayak/cleaned_anime_faces/Kotaro Bokuto/Kotaro_Bokuto_22_balancing.png,train
304,/home/vinayak/cleaned_anime_faces/Kotaro Bokuto/Kotaro_Bokuto_1_balancing.jpg,train
305,/home/vinayak/cleaned_anime_faces/Kotaro Bokuto/Kotaro_Bokuto_25_balancing.jpg,train
306,/home/vinayak/cleaned_anime_faces/Kotaro Bokuto/Kotaro_Bokuto_17_balancing.jpg,train
307,/home/vinayak/cleaned_anime_faces/Kotaro Bokuto/Kotaro_Bokuto_14_1.jpg,train
308,/home/vinayak/cleaned_anime_faces/Kotaro Bokuto/Kotaro_Bokuto_10.jpg,train
309,/home/vinayak/cleaned_anime_faces/Kotaro Bokuto/Kotaro_Bokuto_26_balancing.jpg,train
310,/home/vinayak/cleaned_anime_faces/Kotaro Bokuto/Kotaro_Bokuto_27.png,train
311,/home/vinayak/cleaned_anime_faces/Kotaro Bokuto/Kotaro_Bokuto_14.jpg,train
312,/home/vinayak/cleaned_anime_faces/Sumi Sakurasawa/Sumi_Sakurasawa_27.jpg,train
313,/home/vinayak/cleaned_anime_faces/Sumi Sakurasawa/Sumi_Sakurasawa_28_balancing.jpg,train
314,/home/vinayak/cleaned_anime_faces/Sumi Sakurasawa/Sumi_Sakurasawa_12.jpg,train
315,/home/vinayak/cleaned_anime_faces/Sumi Sakurasawa/Sumi_Sakurasawa_7.png,train
316,/home/vinayak/cleaned_anime_faces/Sumi Sakurasawa/Sumi_Sakurasawa_6.png,train
317,/home/vinayak/cleaned_anime_faces/Sumi Sakurasawa/Sumi_Sakurasawa_9.jpg,train
318,/home/vinayak/cleaned_anime_faces/Sumi Sakurasawa/Sumi_Sakurasawa_22.jpg,train
319,/home/vinayak/cleaned_anime_faces/Sumi Sakurasawa/Sumi_Sakurasawa_23_balancing.jpg,train
320,/home/vinayak/cleaned_anime_faces/Sumi Sakurasawa/Sumi_Sakurasawa_19.jpg,train
321,/home/vinayak/cleaned_anime_faces/Sumi Sakurasawa/Sumi_Sakurasawa_18_balancing.jpg,train
322,/home/vinayak/cleaned_anime_faces/Sumi Sakurasawa/Sumi_Sakurasawa_21.png,train
323,/home/vinayak/cleaned_anime_faces/Sumi Sakurasawa/Sumi_Sakurasawa_26.jpg,train
324,/home/vinayak/cleaned_anime_faces/Sumi Sakurasawa/Sumi_Sakurasawa_23.jpg,train
325,/home/vinayak/cleaned_anime_faces/Sumi Sakurasawa/Sumi_Sakurasawa_5.png,train
326,/home/vinayak/cleaned_anime_faces/Sumi Sakurasawa/Sumi_Sakurasawa_17.jpg,train
327,/home/vinayak/cleaned_anime_faces/Sumi Sakurasawa/Sumi_Sakurasawa_29.jpg,train
328,/home/vinayak/cleaned_anime_faces/Sumi Sakurasawa/Sumi_Sakurasawa_20.png,train
329,/home/vinayak/cleaned_anime_faces/Sumi Sakurasawa/Sumi_Sakurasawa_3.jpg,train
330,/home/vinayak/cleaned_anime_faces/Sumi Sakurasawa/Sumi_Sakurasawa_1.jpg,train
331,/home/vinayak/cleaned_anime_faces/Sumi Sakurasawa/Sumi_Sakurasawa_13.jpg,train
332,/home/vinayak/cleaned_anime_faces/Sumi Sakurasawa/Sumi_Sakurasawa_24.jpg,train
333,/home/vinayak/cleaned_anime_faces/Sumi Sakurasawa/Sumi_Sakurasawa_4.jpg,train
334,/home/vinayak/cleaned_anime_faces/Sumi Sakurasawa/Sumi_Sakurasawa_14.jpg,train
335,/home/vinayak/cleaned_anime_faces/Sumi Sakurasawa/Sumi_Sakurasawa_16.png,train
336,/home/vinayak/cleaned_anime_faces/Eriri Spencer Sawamura/Eriri_Spencer_Sawamura_5.jpg,train
337,/home/vinayak/cleaned_anime_faces/Eriri Spencer Sawamura/Eriri_Spencer_Sawamura_13.jpg,train
338,/home/vinayak/cleaned_anime_faces/Eriri Spencer Sawamura/Eriri_Spencer_Sawamura_4.jpg,train
339,/home/vinayak/cleaned_anime_faces/Eriri Spencer Sawamura/Eriri_Spencer_Sawamura_6_balancing.jpg,train
340,/home/vinayak/cleaned_anime_faces/Eriri Spencer Sawamura/Eriri_Spencer_Sawamura_16.jpg,train
341,/home/vinayak/cleaned_anime_faces/Eriri Spencer Sawamura/Eriri_Spencer_Sawamura_27.jpg,train
342,/home/vinayak/cleaned_anime_faces/Eriri Spencer Sawamura/Eriri_Spencer_Sawamura_6.jpg,train
343,/home/vinayak/cleaned_anime_faces/Eriri Spencer Sawamura/Eriri_Spencer_Sawamura_7_balancing.jpg,train
344,/home/vinayak/cleaned_anime_faces/Eriri Spencer Sawamura/Eriri_Spencer_Sawamura_3.png,train
345,/home/vinayak/cleaned_anime_faces/Eriri Spencer Sawamura/Eriri_Spencer_Sawamura_12.jpg,train
346,/home/vinayak/cleaned_anime_faces/Eriri Spencer Sawamura/Eriri_Spencer_Sawamura_26.jpg,train
347,/home/vinayak/cleaned_anime_faces/Eriri Spencer Sawamura/Eriri_Spencer_Sawamura_14_balancing.jpg,train
348,/home/vinayak/cleaned_anime_faces/Eriri Spencer Sawamura/Eriri_Spencer_Sawamura_1.jpg,train
349,/home/vinayak/cleaned_anime_faces/Eriri Spencer Sawamura/Eriri_Spencer_Sawamura_10.jpg,train
350,/home/vinayak/cleaned_anime_faces/Eriri Spencer Sawamura/Eriri_Spencer_Sawamura_12_balancing.jpg,train
351,/home/vinayak/cleaned_anime_faces/Eriri Spencer Sawamura/Eriri_Spencer_Sawamura_2.jpg,train
352,/home/vinayak/cleaned_anime_faces/Eriri Spencer Sawamura/Eriri_Spencer_Sawamura_11.jpg,train
353,/home/vinayak/cleaned_anime_faces/Eriri Spencer Sawamura/Eriri_Spencer_Sawamura_23.jpg,train
354,/home/vinayak/cleaned_anime_faces/Eriri Spencer Sawamura/Eriri_Spencer_Sawamura_7.jpg,train
355,/home/vinayak/cleaned_anime_faces/Eriri Spencer Sawamura/Eriri_Spencer_Sawamura_18.png,train
356,/home/vinayak/cleaned_anime_faces/Eriri Spencer Sawamura/Eriri_Spencer_Sawamura_8.jpg,train
357,/home/vinayak/cleaned_anime_faces/Eriri Spencer Sawamura/Eriri_Spencer_Sawamura_27_balancing.jpg,train
358,/home/vinayak/cleaned_anime_faces/Eriri Spencer Sawamura/Eriri_Spencer_Sawamura_14.jpg,train
359,/home/vinayak/cleaned_anime_faces/Eriri Spencer Sawamura/Eriri_Spencer_Sawamura_25.jpg,train
360,/home/vinayak/cleaned_anime_faces/Aomine Daiki/Aomine_Daiki_4.jpg,train
361,/home/vinayak/cleaned_anime_faces/Aomine Daiki/Aomine_Daiki_18.jpg,train
362,/home/vinayak/cleaned_anime_faces/Aomine Daiki/Aomine_Daiki_15.png,train
363,/home/vinayak/cleaned_anime_faces/Aomine Daiki/Aomine_Daiki_19.png,train
364,/home/vinayak/cleaned_anime_faces/Aomine Daiki/Aomine_Daiki_5.jpg,train
365,/home/vinayak/cleaned_anime_faces/Aomine Daiki/Aomine_Daiki_30.jpg,train
366,/home/vinayak/cleaned_anime_faces/Aomine Daiki/Aomine_Daiki_7.jpg,train
367,/home/vinayak/cleaned_anime_faces/Aomine Daiki/Aomine_Daiki_26.jpg,train
368,/home/vinayak/cleaned_anime_faces/Aomine Daiki/Aomine_Daiki_11_balancing.png,train
369,/home/vinayak/cleaned_anime_faces/Aomine Daiki/Aomine_Daiki_22.png,train
370,/home/vinayak/cleaned_anime_faces/Aomine Daiki/Aomine_Daiki_13.png,train
371,/home/vinayak/cleaned_anime_faces/Aomine Daiki/Aomine_Daiki_1.png,train
372,/home/vinayak/cleaned_anime_faces/Aomine Daiki/Aomine_Daiki_10.jpg,train
373,/home/vinayak/cleaned_anime_faces/Aomine Daiki/Aomine_Daiki_9.jpg,train
374,/home/vinayak/cleaned_anime_faces/Aomine Daiki/Aomine_Daiki_23.jpg,train
375,/home/vinayak/cleaned_anime_faces/Aomine Daiki/Aomine_Daiki_29.png,train
376,/home/vinayak/cleaned_anime_faces/Aomine Daiki/Aomine_Daiki_21_balancing.png,train
377,/home/vinayak/cleaned_anime_faces/Aomine Daiki/Aomine_Daiki_12.jpg,train
378,/home/vinayak/cleaned_anime_faces/Aomine Daiki/Aomine_Daiki_27.png,train
379,/home/vinayak/cleaned_anime_faces/Aomine Daiki/Aomine_Daiki_14.jpg,train
380,/home/vinayak/cleaned_anime_faces/Aomine Daiki/Aomine_Daiki_20.jpg,train
381,/home/vinayak/cleaned_anime_faces/Aomine Daiki/Aomine_Daiki_16.png,train
382,/home/vinayak/cleaned_anime_faces/Aomine Daiki/Aomine_Daiki_20_balancing.jpg,train
383,/home/vinayak/cleaned_anime_faces/Aomine Daiki/Aomine_Daiki_21.png,train
384,/home/vinayak/cleaned_anime_faces/Mami Nanami/Mami_Nanami_20.jpg,train
385,/home/vinayak/cleaned_anime_faces/Mami Nanami/Mami_Nanami_29.jpg,train
386,/home/vinayak/cleaned_anime_faces/Mami Nanami/Mami_Nanami_21.png,train
387,/home/vinayak/cleaned_anime_faces/Mami Nanami/Mami_Nanami_16.jpg,train
388,/home/vinayak/cleaned_anime_faces/Mami Nanami/Mami_Nanami_20_balancing.jpg,train
389,/home/vinayak/cleaned_anime_faces/Mami Nanami/Mami_Nanami_11.png,train
390,/home/vinayak/cleaned_anime_faces/Mami Nanami/Mami_Nanami_17.jpg,train
391,/home/vinayak/cleaned_anime_faces/Mami Nanami/Mami_Nanami_4_balancing.jpg,train
392,/home/vinayak/cleaned_anime_faces/Mami Nanami/Mami_Nanami_22.jpg,train
393,/home/vinayak/cleaned_anime_faces/Mami Nanami/Mami_Nanami_28.jpg,train
394,/home/vinayak/cleaned_anime_faces/Mami Nanami/Mami_Nanami_13.jpg,train
395,/home/vinayak/cleaned_anime_faces/Mami Nanami/Mami_Nanami_24.jpg,train
396,/home/vinayak/cleaned_anime_faces/Mami Nanami/Mami_Nanami_9.jpg,train
397,/home/vinayak/cleaned_anime_faces/Mami Nanami/Mami_Nanami_14.jpg,train
398,/home/vinayak/cleaned_anime_faces/Mami Nanami/Mami_Nanami_6.jpg,train
399,/home/vinayak/cleaned_anime_faces/Mami Nanami/Mami_Nanami_23.jpg,train
400,/home/vinayak/cleaned_anime_faces/Mami Nanami/Mami_Nanami_8.jpg,train
401,/home/vinayak/cleaned_anime_faces/Mami Nanami/Mami_Nanami_4.jpg,train
402,/home/vinayak/cleaned_anime_faces/Mami Nanami/Mami_Nanami_3.jpg,train
403,/home/vinayak/cleaned_anime_faces/Mami Nanami/Mami_Nanami_8_balancing.jpg,train
404,/home/vinayak/cleaned_anime_faces/Mami Nanami/Mami_Nanami_26.jpg,train
405,/home/vinayak/cleaned_anime_faces/Mami Nanami/Mami_Nanami_6_balancing.jpg,train
406,/home/vinayak/cleaned_anime_faces/Mami Nanami/Mami_Nanami_1.png,train
407,/home/vinayak/cleaned_anime_faces/Mami Nanami/Mami_Nanami_5.jpg,train
408,/home/vinayak/cleaned_anime_faces/Tsubaki Sawabe/Tsubaki_Sawabe_29.jpg,train
409,/home/vinayak/cleaned_anime_faces/Tsubaki Sawabe/Tsubaki_Sawabe_30.jpg,train
410,/home/vinayak/cleaned_anime_faces/Tsubaki Sawabe/Tsubaki_Sawabe_18_3.jpg,train
411,/home/vinayak/cleaned_anime_faces/Tsubaki Sawabe/Tsubaki_Sawabe_16_balancing.png,train
412,/home/vinayak/cleaned_anime_faces/Tsubaki Sawabe/Tsubaki_Sawabe_13.png,train
413,/home/vinayak/cleaned_anime_faces/Tsubaki Sawabe/Tsubaki_Sawabe_4.jpg,train
414,/home/vinayak/cleaned_anime_faces/Tsubaki Sawabe/Tsubaki_Sawabe_26_balancing.jpg,train
415,/home/vinayak/cleaned_anime_faces/Tsubaki Sawabe/Tsubaki_Sawabe_8.jpg,train
416,/home/vinayak/cleaned_anime_faces/Tsubaki Sawabe/Tsubaki_Sawabe_11.jpg,train
417,/home/vinayak/cleaned_anime_faces/Tsubaki Sawabe/Tsubaki_Sawabe_15.png,train
418,/home/vinayak/cleaned_anime_faces/Tsubaki Sawabe/Tsubaki_Sawabe_7.jpg,train
419,/home/vinayak/cleaned_anime_faces/Tsubaki Sawabe/Tsubaki_Sawabe_18_4.jpg,train
420,/home/vinayak/cleaned_anime_faces/Tsubaki Sawabe/Tsubaki_Sawabe_5.jpg,train
421,/home/vinayak/cleaned_anime_faces/Tsubaki Sawabe/Tsubaki_Sawabe_19.jpg,train
422,/home/vinayak/cleaned_anime_faces/Tsubaki Sawabe/Tsubaki_Sawabe_24.jpg,train
423,/home/vinayak/cleaned_anime_faces/Tsubaki Sawabe/Tsubaki_Sawabe_22.jpg,train
424,/home/vinayak/cleaned_anime_faces/Tsubaki Sawabe/Tsubaki_Sawabe_14.jpg,train
425,/home/vinayak/cleaned_anime_faces/Tsubaki Sawabe/Tsubaki_Sawabe_9.jpg,train
426,/home/vinayak/cleaned_anime_faces/Tsubaki Sawabe/Tsubaki_Sawabe_27.jpg,train
427,/home/vinayak/cleaned_anime_faces/Tsubaki Sawabe/Tsubaki_Sawabe_1.png,train
428,/home/vinayak/cleaned_anime_faces/Tsubaki Sawabe/Tsubaki_Sawabe_12.png,train
429,/home/vinayak/cleaned_anime_faces/Tsubaki Sawabe/Tsubaki_Sawabe_16.png,train
430,/home/vinayak/cleaned_anime_faces/Tsubaki Sawabe/Tsubaki_Sawabe_18_3_balancing.jpg,train
431,/home/vinayak/cleaned_anime_faces/Tsubaki Sawabe/Tsubaki_Sawabe_18_2.jpg,train
432,/home/vinayak/cleaned_anime_faces/Kageyama Tobio/Kageyama_Tobio_20.jpg,train
433,/home/vinayak/cleaned_anime_faces/Kageyama Tobio/Kageyama_Tobio_2.jpg,train
434,/home/vinayak/cleaned_anime_faces/Kageyama Tobio/Kageyama_Tobio_13.jpg,train
435,/home/vinayak/cleaned_anime_faces/Kageyama Tobio/Kageyama_Tobio_27.jpg,train
436,/home/vinayak/cleaned_anime_faces/Kageyama Tobio/Kageyama_Tobio_23.png,train
437,/home/vinayak/cleaned_anime_faces/Kageyama Tobio/Kageyama_Tobio_4.jpg,train
438,/home/vinayak/cleaned_anime_faces/Kageyama Tobio/Kageyama_Tobio_20_balancing.jpg,train
439,/home/vinayak/cleaned_anime_faces/Kageyama Tobio/Kageyama_Tobio_21.jpg,train
440,/home/vinayak/cleaned_anime_faces/Kageyama Tobio/Kageyama_Tobio_15.jpg,train
441,/home/vinayak/cleaned_anime_faces/Kageyama Tobio/Kageyama_Tobio_17_balancing.jpg,train
442,/home/vinayak/cleaned_anime_faces/Kageyama Tobio/Kageyama_Tobio_17.jpg,train
443,/home/vinayak/cleaned_anime_faces/Kageyama Tobio/Kageyama_Tobio_10.jpg,train
444,/home/vinayak/cleaned_anime_faces/Kageyama Tobio/Kageyama_Tobio_11.png,train
445,/home/vinayak/cleaned_anime_faces/Kageyama Tobio/Kageyama_Tobio_5.jpg,train
446,/home/vinayak/cleaned_anime_faces/Kageyama Tobio/Kageyama_Tobio_6.jpg,train
447,/home/vinayak/cleaned_anime_faces/Kageyama Tobio/Kageyama_Tobio_25.jpg,train
448,/home/vinayak/cleaned_anime_faces/Kageyama Tobio/Kageyama_Tobio_14.png,train
449,/home/vinayak/cleaned_anime_faces/Kageyama Tobio/Kageyama_Tobio_18.jpg,train
450,/home/vinayak/cleaned_anime_faces/Kageyama Tobio/Kageyama_Tobio_16.jpg,train
451,/home/vinayak/cleaned_anime_faces/Kageyama Tobio/Kageyama_Tobio_24.png,train
452,/home/vinayak/cleaned_anime_faces/Kageyama Tobio/Kageyama_Tobio_30.png,train
453,/home/vinayak/cleaned_anime_faces/Kageyama Tobio/Kageyama_Tobio_29.jpg,train
454,/home/vinayak/cleaned_anime_faces/Kageyama Tobio/Kageyama_Tobio_19.jpg,train
455,/home/vinayak/cleaned_anime_faces/Kageyama Tobio/Kageyama_Tobio_3.jpg,train
456,/home/vinayak/cleaned_anime_faces/Hinata Shoyo/Hinata_Shoyo_6_balancing.png,train
457,/home/vinayak/cleaned_anime_faces/Hinata Shoyo/Hinata_Shoyo_25.png,train
458,/home/vinayak/cleaned_anime_faces/Hinata Shoyo/Hinata_Shoyo_17_balancing.jpg,train
459,/home/vinayak/cleaned_anime_faces/Hinata Shoyo/Hinata_Shoyo_20.jpg,train
460,/home/vinayak/cleaned_anime_faces/Hinata Shoyo/Hinata_Shoyo_21.jpg,train
461,/home/vinayak/cleaned_anime_faces/Hinata Shoyo/Hinata_Shoyo_16.jpg,train
462,/home/vinayak/cleaned_anime_faces/Hinata Shoyo/Hinata_Shoyo_13.jpg,train
463,/home/vinayak/cleaned_anime_faces/Hinata Shoyo/Hinata_Shoyo_5_balancing.jpg,train
464,/home/vinayak/cleaned_anime_faces/Hinata Shoyo/Hinata_Shoyo_26.jpg,train
465,/home/vinayak/cleaned_anime_faces/Hinata Shoyo/Hinata_Shoyo_17.jpg,train
466,/home/vinayak/cleaned_anime_faces/Hinata Shoyo/Hinata_Shoyo_14.jpg,train
467,/home/vinayak/cleaned_anime_faces/Hinata Shoyo/Hinata_Shoyo_18.png,train
468,/home/vinayak/cleaned_anime_faces/Hinata Shoyo/Hinata_Shoyo_7.jpg,train
469,/home/vinayak/cleaned_anime_faces/Hinata Shoyo/Hinata_Shoyo_19.png,train
470,/home/vinayak/cleaned_anime_faces/Hinata Shoyo/Hinata_Shoyo_23.png,train
471,/home/vinayak/cleaned_anime_faces/Hinata Shoyo/Hinata_Shoyo_5.jpg,train
472,/home/vinayak/cleaned_anime_faces/Hinata Shoyo/Hinata_Shoyo_3.jpg,train
473,/home/vinayak/cleaned_anime_faces/Hinata Shoyo/Hinata_Shoyo_30_balancing.jpg,train
474,/home/vinayak/cleaned_anime_faces/Hinata Shoyo/Hinata_Shoyo_28.png,train
475,/home/vinayak/cleaned_anime_faces/Hinata Shoyo/Hinata_Shoyo_3_balancing.jpg,train
476,/home/vinayak/cleaned_anime_faces/Hinata Shoyo/Hinata_Shoyo_27.png,train
477,/home/vinayak/cleaned_anime_faces/Hinata Shoyo/Hinata_Shoyo_12.jpg,train
478,/home/vinayak/cleaned_anime_faces/Hinata Shoyo/Hinata_Shoyo_20_balancing.jpg,train
479,/home/vinayak/cleaned_anime_faces/Hinata Shoyo/Hinata_Shoyo_29.jpg,train
480,/home/vinayak/cleaned_anime_faces/Kiyotaka Ayanokoji/Kiyotaka_Ayanokoji_13_balancing.jpg,train
481,/home/vinayak/cleaned_anime_faces/Kiyotaka Ayanokoji/Kiyotaka_Ayanokoji_13.jpg,train
482,/home/vinayak/cleaned_anime_faces/Kiyotaka Ayanokoji/Kiyotaka_Ayanokoji_14.jpg,train
483,/home/vinayak/cleaned_anime_faces/Kiyotaka Ayanokoji/Kiyotaka_Ayanokoji_26.jpg,train
484,/home/vinayak/cleaned_anime_faces/Kiyotaka Ayanokoji/Kiyotaka_Ayanokoji_17.png,train
485,/home/vinayak/cleaned_anime_faces/Kiyotaka Ayanokoji/Kiyotaka_Ayanokoji_12.jpg,train
486,/home/vinayak/cleaned_anime_faces/Kiyotaka Ayanokoji/Kiyotaka_Ayanokoji_21.jpg,train
487,/home/vinayak/cleaned_anime_faces/Kiyotaka Ayanokoji/Kiyotaka_Ayanokoji_8.png,train
488,/home/vinayak/cleaned_anime_faces/Kiyotaka Ayanokoji/Kiyotaka_Ayanokoji_19.jpg,train
489,/home/vinayak/cleaned_anime_faces/Kiyotaka Ayanokoji/Kiyotaka_Ayanokoji_18.jpg,train
490,/home/vinayak/cleaned_anime_faces/Kiyotaka Ayanokoji/Kiyotaka_Ayanokoji_23.jpg,train
491,/home/vinayak/cleaned_anime_faces/Kiyotaka Ayanokoji/Kiyotaka_Ayanokoji_11.jpg,train
492,/home/vinayak/cleaned_anime_faces/Kiyotaka Ayanokoji/Kiyotaka_Ayanokoji_21_balancing.jpg,train
493,/home/vinayak/cleaned_anime_faces/Kiyotaka Ayanokoji/Kiyotaka_Ayanokoji_16.jpg,train
494,/home/vinayak/cleaned_anime_faces/Kiyotaka Ayanokoji/Kiyotaka_Ayanokoji_5.jpg,train
495,/home/vinayak/cleaned_anime_faces/Kiyotaka Ayanokoji/Kiyotaka_Ayanokoji_4.jpg,train
496,/home/vinayak/cleaned_anime_faces/Kiyotaka Ayanokoji/Kiyotaka_Ayanokoji_6.jpg,train
497,/home/vinayak/cleaned_anime_faces/Kiyotaka Ayanokoji/Kiyotaka_Ayanokoji_4_balancing.jpg,train
498,/home/vinayak/cleaned_anime_faces/Kiyotaka Ayanokoji/Kiyotaka_Ayanokoji_2_balancing.jpg,train
499,/home/vinayak/cleaned_anime_faces/Kiyotaka Ayanokoji/Kiyotaka_Ayanokoji_7.jpg,train
500,/home/vinayak/cleaned_anime_faces/Kiyotaka Ayanokoji/Kiyotaka_Ayanokoji_28.jpg,train
501,/home/vinayak/cleaned_anime_faces/Kiyotaka Ayanokoji/Kiyotaka_Ayanokoji_25.jpg,train
502,/home/vinayak/cleaned_anime_faces/Kiyotaka Ayanokoji/Kiyotaka_Ayanokoji_2.jpg,train
503,/home/vinayak/cleaned_anime_faces/Kiyotaka Ayanokoji/Kiyotaka_Ayanokoji_20.jpg,train
504,/home/vinayak/cleaned_anime_faces/Kuroko Tetsuya/Kuroko_Tetsuya_25.png,train
505,/home/vinayak/cleaned_anime_faces/Kuroko Tetsuya/Kuroko_Tetsuya_24.jpg,train
506,/home/vinayak/cleaned_anime_faces/Kuroko Tetsuya/Kuroko_Tetsuya_14.jpg,train
507,/home/vinayak/cleaned_anime_faces/Kuroko Tetsuya/Kuroko_Tetsuya_13.jpg,train
508,/home/vinayak/cleaned_anime_faces/Kuroko Tetsuya/Kuroko_Tetsuya_1.png,train
509,/home/vinayak/cleaned_anime_faces/Kuroko Tetsuya/Kuroko_Tetsuya_26.jpg,train
510,/home/vinayak/cleaned_anime_faces/Kuroko Tetsuya/Kuroko_Tetsuya_9.jpg,train
511,/home/vinayak/cleaned_anime_faces/Kuroko Tetsuya/Kuroko_Tetsuya_18_balancing.png,train
512,/home/vinayak/cleaned_anime_faces/Kuroko Tetsuya/Kuroko_Tetsuya_6.jpg,train
513,/home/vinayak/cleaned_anime_faces/Kuroko Tetsuya/Kuroko_Tetsuya_18.png,train
514,/home/vinayak/cleaned_anime_faces/Kuroko Tetsuya/Kuroko_Tetsuya_16.jpg,train
515,/home/vinayak/cleaned_anime_faces/Kuroko Tetsuya/Kuroko_Tetsuya_10.jpg,train
516,/home/vinayak/cleaned_anime_faces/Kuroko Tetsuya/Kuroko_Tetsuya_10_balancing.jpg,train
517,/home/vinayak/cleaned_anime_faces/Kuroko Tetsuya/Kuroko_Tetsuya_2.jpg,train
518,/home/vinayak/cleaned_anime_faces/Kuroko Tetsuya/Kuroko_Tetsuya_30_balancing.jpg,train
519,/home/vinayak/cleaned_anime_faces/Kuroko Tetsuya/Kuroko_Tetsuya_19.jpg,train
520,/home/vinayak/cleaned_anime_faces/Kuroko Tetsuya/Kuroko_Tetsuya_21.png,train
521,/home/vinayak/cleaned_anime_faces/Kuroko Tetsuya/Kuroko_Tetsuya_30.jpg,train
522,/home/vinayak/cleaned_anime_faces/Kuroko Tetsuya/Kuroko_Tetsuya_22.png,train
523,/home/vinayak/cleaned_anime_faces/Kuroko Tetsuya/Kuroko_Tetsuya_27.jpg,train
524,/home/vinayak/cleaned_anime_faces/Kuroko Tetsuya/Kuroko_Tetsuya_15.jpg,train
525,/home/vinayak/cleaned_anime_faces/Kuroko Tetsuya/Kuroko_Tetsuya_3.jpg,train
526,/home/vinayak/cleaned_anime_faces/Kuroko Tetsuya/Kuroko_Tetsuya_20.png,train
527,/home/vinayak/cleaned_anime_faces/Kuroko Tetsuya/Kuroko_Tetsuya_8.jpg,train
528,/home/vinayak/cleaned_anime_faces/Jinta Yadomi/Jinta_Yadomi_28.jpg,train
529,/home/vinayak/cleaned_anime_faces/Jinta Yadomi/Jinta_Yadomi_10_balancing.jpg,train
530,/home/vinayak/cleaned_anime_faces/Jinta Yadomi/Jinta_Yadomi_2.jpg,train
531,/home/vinayak/cleaned_anime_faces/Jinta Yadomi/Jinta_Yadomi_5.png,train
532,/home/vinayak/cleaned_anime_faces/Jinta Yadomi/Jinta_Yadomi_21_balancing.jpg,train
533,/home/vinayak/cleaned_anime_faces/Jinta Yadomi/Jinta_Yadomi_13.jpg,train
534,/home/vinayak/cleaned_anime_faces/Jinta Yadomi/Jinta_Yadomi_5_balancing.png,train
535,/home/vinayak/cleaned_anime_faces/Jinta Yadomi/Jinta_Yadomi_8.jpg,train
536,/home/vinayak/cleaned_anime_faces/Jinta Yadomi/Jinta_Yadomi_21.jpg,train
537,/home/vinayak/cleaned_anime_faces/Jinta Yadomi/Jinta_Yadomi_9_balancing.png,train
538,/home/vinayak/cleaned_anime_faces/Jinta Yadomi/Jinta_Yadomi_10.jpg,train
539,/home/vinayak/cleaned_anime_faces/Jinta Yadomi/Jinta_Yadomi_17.jpg,train
540,/home/vinayak/cleaned_anime_faces/Jinta Yadomi/Jinta_Yadomi_4.png,train
541,/home/vinayak/cleaned_anime_faces/Jinta Yadomi/Jinta_Yadomi_15.jpg,train
542,/home/vinayak/cleaned_anime_faces/Jinta Yadomi/Jinta_Yadomi_12.jpg,train
543,/home/vinayak/cleaned_anime_faces/Jinta Yadomi/Jinta_Yadomi_27.jpg,train
544,/home/vinayak/cleaned_anime_faces/Jinta Yadomi/Jinta_Yadomi_14.jpg,train
545,/home/vinayak/cleaned_anime_faces/Jinta Yadomi/Jinta_Yadomi_16.jpg,train
546,/home/vinayak/cleaned_anime_faces/Jinta Yadomi/Jinta_Yadomi_17_balancing.jpg,train
547,/home/vinayak/cleaned_anime_faces/Jinta Yadomi/Jinta_Yadomi_26.jpg,train
548,/home/vinayak/cleaned_anime_faces/Jinta Yadomi/Jinta_Yadomi_23.jpg,train
549,/home/vinayak/cleaned_anime_faces/Jinta Yadomi/Jinta_Yadomi_24.png,train
550,/home/vinayak/cleaned_anime_faces/Jinta Yadomi/Jinta_Yadomi_19.jpg,train
551,/home/vinayak/cleaned_anime_faces/Jinta Yadomi/Jinta_Yadomi_3.jpg,train
552,/home/vinayak/cleaned_anime_faces/Kikyou Kushida/Kikyou_Kushida_15.jpg,train
553,/home/vinayak/cleaned_anime_faces/Kikyou Kushida/Kikyou_Kushida_20.jpg,train
554,/home/vinayak/cleaned_anime_faces/Kikyou Kushida/Kikyou_Kushida_24.jpg,train
555,/home/vinayak/cleaned_anime_faces/Kikyou Kushida/Kikyou_Kushida_4.png,train
556,/home/vinayak/cleaned_anime_faces/Kikyou Kushida/Kikyou_Kushida_8_balancing.jpg,train
557,/home/vinayak/cleaned_anime_faces/Kikyou Kushida/Kikyou_Kushida_6_1.png,train
558,/home/vinayak/cleaned_anime_faces/Kikyou Kushida/Kikyou_Kushida_3.jpg,train
559,/home/vinayak/cleaned_anime_faces/Kikyou Kushida/Kikyou_Kushida_23.jpg,train
560,/home/vinayak/cleaned_anime_faces/Kikyou Kushida/Kikyou_Kushida_16.png,train
561,/home/vinayak/cleaned_anime_faces/Kikyou Kushida/Kikyou_Kushida_6_4.png,train
562,/home/vinayak/cleaned_anime_faces/Kikyou Kushida/Kikyou_Kushida_6.png,train
563,/home/vinayak/cleaned_anime_faces/Kikyou Kushida/Kikyou_Kushida_6_2.png,train
564,/home/vinayak/cleaned_anime_faces/Kikyou Kushida/Kikyou_Kushida_18.jpg,train
565,/home/vinayak/cleaned_anime_faces/Kikyou Kushida/Kikyou_Kushida_5.png,train
566,/home/vinayak/cleaned_anime_faces/Kikyou Kushida/Kikyou_Kushida_6_2_balancing.png,train
567,/home/vinayak/cleaned_anime_faces/Kikyou Kushida/Kikyou_Kushida_29.jpg,train
568,/home/vinayak/cleaned_anime_faces/Kikyou Kushida/Kikyou_Kushida_17.jpg,train
569,/home/vinayak/cleaned_anime_faces/Kikyou Kushida/Kikyou_Kushida_9.jpg,train
570,/home/vinayak/cleaned_anime_faces/Kikyou Kushida/Kikyou_Kushida_8.jpg,train
571,/home/vinayak/cleaned_anime_faces/Kikyou Kushida/Kikyou_Kushida_11.png,train
572,/home/vinayak/cleaned_anime_faces/Kikyou Kushida/Kikyou_Kushida_28.png,train
573,/home/vinayak/cleaned_anime_faces/Kikyou Kushida/Kikyou_Kushida_1.png,train
574,/home/vinayak/cleaned_anime_faces/Kikyou Kushida/Kikyou_Kushida_14.jpg,train
575,/home/vinayak/cleaned_anime_faces/Kikyou Kushida/Kikyou_Kushida_6_3.png,train
576,/home/vinayak/cleaned_anime_faces/Tomoya Aki/Tomoya_Aki_4.jpg,train
577,/home/vinayak/cleaned_anime_faces/Tomoya Aki/Tomoya_Aki_30.jpg,train
578,/home/vinayak/cleaned_anime_faces/Tomoya Aki/Tomoya_Aki_1.jpg,train
579,/home/vinayak/cleaned_anime_faces/Tomoya Aki/Tomoya_Aki_9.jpg,train
580,/home/vinayak/cleaned_anime_faces/Tomoya Aki/Tomoya_Aki_22.jpg,train
581,/home/vinayak/cleaned_anime_faces/Tomoya Aki/Tomoya_Aki_17.png,train
582,/home/vinayak/cleaned_anime_faces/Tomoya Aki/Tomoya_Aki_24.jpg,train
583,/home/vinayak/cleaned_anime_faces/Tomoya Aki/Tomoya_Aki_19.png,train
584,/home/vinayak/cleaned_anime_faces/Tomoya Aki/Tomoya_Aki_8.jpg,train
585,/home/vinayak/cleaned_anime_faces/Tomoya Aki/Tomoya_Aki_11.jpg,train
586,/home/vinayak/cleaned_anime_faces/Tomoya Aki/Tomoya_Aki_3.jpg,train
587,/home/vinayak/cleaned_anime_faces/Tomoya Aki/Tomoya_Aki_25.jpg,train
588,/home/vinayak/cleaned_anime_faces/Tomoya Aki/Tomoya_Aki_7.jpg,train
589,/home/vinayak/cleaned_anime_faces/Tomoya Aki/Tomoya_Aki_14.jpg,train
590,/home/vinayak/cleaned_anime_faces/Tomoya Aki/Tomoya_Aki_11_balancing.jpg,train
591,/home/vinayak/cleaned_anime_faces/Tomoya Aki/Tomoya_Aki_16.jpg,train
592,/home/vinayak/cleaned_anime_faces/Tomoya Aki/Tomoya_Aki_5.jpg,train
593,/home/vinayak/cleaned_anime_faces/Tomoya Aki/Tomoya_Aki_25_balancing.jpg,train
594,/home/vinayak/cleaned_anime_faces/Tomoya Aki/Tomoya_Aki_13.jpg,train
595,/home/vinayak/cleaned_anime_faces/Tomoya Aki/Tomoya_Aki_26.jpg,train
596,/home/vinayak/cleaned_anime_faces/Tomoya Aki/Tomoya_Aki_24_balancing.jpg,train
597,/home/vinayak/cleaned_anime_faces/Tomoya Aki/Tomoya_Aki_2.jpg,train
598,/home/vinayak/cleaned_anime_faces/Tomoya Aki/Tomoya_Aki_23.png,train
599,/home/vinayak/cleaned_anime_faces/Tomoya Aki/Tomoya_Aki_27.jpg,train
600,/home/vinayak/cleaned_anime_faces/Nagisa Furukawa/Nagisa_Furukawa_5.jpg,train
601,/home/vinayak/cleaned_anime_faces/Nagisa Furukawa/Nagisa_Furukawa_30.jpg,train
602,/home/vinayak/cleaned_anime_faces/Nagisa Furukawa/Nagisa_Furukawa_27.jpg,train
603,/home/vinayak/cleaned_anime_faces/Nagisa Furukawa/Nagisa_Furukawa_11.jpg,train
604,/home/vinayak/cleaned_anime_faces/Nagisa Furukawa/Nagisa_Furukawa_19.jpg,train
605,/home/vinayak/cleaned_anime_faces/Nagisa Furukawa/Nagisa_Furukawa_29_balancing.jpg,train
606,/home/vinayak/cleaned_anime_faces/Nagisa Furukawa/Nagisa_Furukawa_6.jpg,train
607,/home/vinayak/cleaned_anime_faces/Nagisa Furukawa/Nagisa_Furukawa_26_balancing.jpg,train
608,/home/vinayak/cleaned_anime_faces/Nagisa Furukawa/Nagisa_Furukawa_26.jpg,train
609,/home/vinayak/cleaned_anime_faces/Nagisa Furukawa/Nagisa_Furukawa_21.jpg,train
610,/home/vinayak/cleaned_anime_faces/Nagisa Furukawa/Nagisa_Furukawa_2.jpg,train
611,/home/vinayak/cleaned_anime_faces/Nagisa Furukawa/Nagisa_Furukawa_10.jpg,train
612,/home/vinayak/cleaned_anime_faces/Nagisa Furukawa/Nagisa_Furukawa_3.jpg,train
613,/home/vinayak/cleaned_anime_faces/Nagisa Furukawa/Nagisa_Furukawa_20.png,train
614,/home/vinayak/cleaned_anime_faces/Nagisa Furukawa/Nagisa_Furukawa_28.jpg,train
615,/home/vinayak/cleaned_anime_faces/Nagisa Furukawa/Nagisa_Furukawa_14.jpg,train
616,/home/vinayak/cleaned_anime_faces/Nagisa Furukawa/Nagisa_Furukawa_24.jpg,train
617,/home/vinayak/cleaned_anime_faces/Nagisa Furukawa/Nagisa_Furukawa_16.png,train
618,/home/vinayak/cleaned_anime_faces/Nagisa Furukawa/Nagisa_Furukawa_13.jpg,train
619,/home/vinayak/cleaned_anime_faces/Nagisa Furukawa/Nagisa_Furukawa_8.jpg,train
620,/home/vinayak/cleaned_anime_faces/Nagisa Furukawa/Nagisa_Furukawa_18.png,train
621,/home/vinayak/cleaned_anime_faces/Nagisa Furukawa/Nagisa_Furukawa_11_balancing.jpg,train
622,/home/vinayak/cleaned_anime_faces/Nagisa Furukawa/Nagisa_Furukawa_9.jpg,train
623,/home/vinayak/cleaned_anime_faces/Nagisa Furukawa/Nagisa_Furukawa_29.jpg,train
624,/home/vinayak/cleaned_anime_faces/Chizuru Mizuhara/Chizuru_Mizuhara_15.jpg,train
625,/home/vinayak/cleaned_anime_faces/Chizuru Mizuhara/Chizuru_Mizuhara_27.jpg,train
626,/home/vinayak/cleaned_anime_faces/Chizuru Mizuhara/Chizuru_Mizuhara_16.jpg,train
627,/home/vinayak/cleaned_anime_faces/Chizuru Mizuhara/Chizuru_Mizuhara_25_balancing.png,train
628,/home/vinayak/cleaned_anime_faces/Chizuru Mizuhara/Chizuru_Mizuhara_19.png,train
629,/home/vinayak/cleaned_anime_faces/Chizuru Mizuhara/Chizuru_Mizuhara_9.png,train
630,/home/vinayak/cleaned_anime_faces/Chizuru Mizuhara/Chizuru_Mizuhara_6.jpg,train
631,/home/vinayak/cleaned_anime_faces/Chizuru Mizuhara/Chizuru_Mizuhara_7.png,train
632,/home/vinayak/cleaned_anime_faces/Chizuru Mizuhara/Chizuru_Mizuhara_10.jpg,train
633,/home/vinayak/cleaned_anime_faces/Chizuru Mizuhara/Chizuru_Mizuhara_2.jpg,train
634,/home/vinayak/cleaned_anime_faces/Chizuru Mizuhara/Chizuru_Mizuhara_29.jpg,train
635,/home/vinayak/cleaned_anime_faces/Chizuru Mizuhara/Chizuru_Mizuhara_5_1.jpg,train
636,/home/vinayak/cleaned_anime_faces/Chizuru Mizuhara/Chizuru_Mizuhara_3.jpg,train
637,/home/vinayak/cleaned_anime_faces/Chizuru Mizuhara/Chizuru_Mizuhara_23.png,train
638,/home/vinayak/cleaned_anime_faces/Chizuru Mizuhara/Chizuru_Mizuhara_24.jpg,train
639,/home/vinayak/cleaned_anime_faces/Chizuru Mizuhara/Chizuru_Mizuhara_30.png,train
640,/home/vinayak/cleaned_anime_faces/Chizuru Mizuhara/Chizuru_Mizuhara_5_2.jpg,train
641,/home/vinayak/cleaned_anime_faces/Chizuru Mizuhara/Chizuru_Mizuhara_18.jpg,train
642,/home/vinayak/cleaned_anime_faces/Chizuru Mizuhara/Chizuru_Mizuhara_30_balancing.png,train
643,/home/vinayak/cleaned_anime_faces/Chizuru Mizuhara/Chizuru_Mizuhara_25.png,train
644,/home/vinayak/cleaned_anime_faces/Chizuru Mizuhara/Chizuru_Mizuhara_17.jpg,train
645,/home/vinayak/cleaned_anime_faces/Chizuru Mizuhara/Chizuru_Mizuhara_16_balancing.jpg,train
646,/home/vinayak/cleaned_anime_faces/Chizuru Mizuhara/Chizuru_Mizuhara_22.jpg,train
647,/home/vinayak/cleaned_anime_faces/Chizuru Mizuhara/Chizuru_Mizuhara_11_balancing.jpg,train
648,/home/vinayak/cleaned_anime_faces/Miya Atsumu/Miya_Atsumu_12_1.jpg,train
649,/home/vinayak/cleaned_anime_faces/Miya Atsumu/Miya_Atsumu_25.jpg,train
650,/home/vinayak/cleaned_anime_faces/Miya Atsumu/Miya_Atsumu_27.jpg,train
651,/home/vinayak/cleaned_anime_faces/Miya Atsumu/Miya_Atsumu_26.jpg,train
652,/home/vinayak/cleaned_anime_faces/Miya Atsumu/Miya_Atsumu_12_2.jpg,train
653,/home/vinayak/cleaned_anime_faces/Miya Atsumu/Miya_Atsumu_21.jpg,train
654,/home/vinayak/cleaned_anime_faces/Miya Atsumu/Miya_Atsumu_17.jpg,train
655,/home/vinayak/cleaned_anime_faces/Miya Atsumu/Miya_Atsumu_29_balancing.jpg,train
656,/home/vinayak/cleaned_anime_faces/Miya Atsumu/Miya_Atsumu_18.jpg,train
657,/home/vinayak/cleaned_anime_faces/Miya Atsumu/Miya_Atsumu_22.png,train
658,/home/vinayak/cleaned_anime_faces/Miya Atsumu/Miya_Atsumu_20.jpg,train
659,/home/vinayak/cleaned_anime_faces/Miya Atsumu/Miya_Atsumu_14.jpg,train
660,/home/vinayak/cleaned_anime_faces/Miya Atsumu/Miya_Atsumu_3.jpg,train
661,/home/vinayak/cleaned_anime_faces/Miya Atsumu/Miya_Atsumu_28.png,train
662,/home/vinayak/cleaned_anime_faces/Miya Atsumu/Miya_Atsumu_2.jpg,train
663,/home/vinayak/cleaned_anime_faces/Miya Atsumu/Miya_Atsumu_6.png,train
664,/home/vinayak/cleaned_anime_faces/Miya Atsumu/Miya_Atsumu_7.jpg,train
665,/home/vinayak/cleaned_anime_faces/Miya Atsumu/Miya_Atsumu_12.jpg,train
666,/home/vinayak/cleaned_anime_faces/Miya Atsumu/Miya_Atsumu_21_balancing.jpg,train
667,/home/vinayak/cleaned_anime_faces/Miya Atsumu/Miya_Atsumu_5.jpg,train
668,/home/vinayak/cleaned_anime_faces/Miya Atsumu/Miya_Atsumu_16.jpg,train
669,/home/vinayak/cleaned_anime_faces/Miya Atsumu/Miya_Atsumu_29.jpg,train
670,/home/vinayak/cleaned_anime_faces/Miya Atsumu/Miya_Atsumu_8.png,train
671,/home/vinayak/cleaned_anime_faces/Miya Atsumu/Miya_Atsumu_4.jpg,train
672,/home/vinayak/cleaned_anime_faces/Murasakibara Atsushi/Murasakibara_Atsushi_25.png,train
673,/home/vinayak/cleaned_anime_faces/Murasakibara Atsushi/Murasakibara_Atsushi_10.jpg,train
674,/home/vinayak/cleaned_anime_faces/Murasakibara Atsushi/Murasakibara_Atsushi_27.jpg,train
675,/home/vinayak/cleaned_anime_faces/Murasakibara Atsushi/Murasakibara_Atsushi_29.jpg,train
676,/home/vinayak/cleaned_anime_faces/Murasakibara Atsushi/Murasakibara_Atsushi_28.png,train
677,/home/vinayak/cleaned_anime_faces/Murasakibara Atsushi/Murasakibara_Atsushi_24_balancing.jpg,train
678,/home/vinayak/cleaned_anime_faces/Murasakibara Atsushi/Murasakibara_Atsushi_18.png,train
679,/home/vinayak/cleaned_anime_faces/Murasakibara Atsushi/Murasakibara_Atsushi_6.jpg,train
680,/home/vinayak/cleaned_anime_faces/Murasakibara Atsushi/Murasakibara_Atsushi_24.jpg,train
681,/home/vinayak/cleaned_anime_faces/Murasakibara Atsushi/Murasakibara_Atsushi_17_balancing.jpg,train
682,/home/vinayak/cleaned_anime_faces/Murasakibara Atsushi/Murasakibara_Atsushi_8.jpg,train
683,/home/vinayak/cleaned_anime_faces/Murasakibara Atsushi/Murasakibara_Atsushi_14.jpg,train
684,/home/vinayak/cleaned_anime_faces/Murasakibara Atsushi/Murasakibara_Atsushi_27_balancing.jpg,train
685,/home/vinayak/cleaned_anime_faces/Murasakibara Atsushi/Murasakibara_Atsushi_12.png,train
686,/home/vinayak/cleaned_anime_faces/Murasakibara Atsushi/Murasakibara_Atsushi_11.jpg,train
687,/home/vinayak/cleaned_anime_faces/Murasakibara Atsushi/Murasakibara_Atsushi_5.jpg,train
688,/home/vinayak/cleaned_anime_faces/Murasakibara Atsushi/Murasakibara_Atsushi_23.jpg,train
689,/home/vinayak/cleaned_anime_faces/Murasakibara Atsushi/Murasakibara_Atsushi_11_balancing.jpg,train
690,/home/vinayak/cleaned_anime_faces/Murasakibara Atsushi/Murasakibara_Atsushi_19.jpg,train
691,/home/vinayak/cleaned_anime_faces/Murasakibara Atsushi/Murasakibara_Atsushi_30.png,train
692,/home/vinayak/cleaned_anime_faces/Murasakibara Atsushi/Murasakibara_Atsushi_26.jpg,train
693,/home/vinayak/cleaned_anime_faces/Murasakibara Atsushi/Murasakibara_Atsushi_5_1.jpg,train
694,/home/vinayak/cleaned_anime_faces/Murasakibara Atsushi/Murasakibara_Atsushi_17.jpg,train
695,/home/vinayak/cleaned_anime_faces/Murasakibara Atsushi/Murasakibara_Atsushi_14_balancing.jpg,train
696,/home/vinayak/cleaned_anime_faces/Natsume Takashi/Natsume_Takashi_11.jpg,train
697,/home/vinayak/cleaned_anime_faces/Natsume Takashi/Natsume_Takashi_11_2.jpg,train
698,/home/vinayak/cleaned_anime_faces/Natsume Takashi/Natsume_Takashi_29.jpg,train
699,/home/vinayak/cleaned_anime_faces/Natsume Takashi/Natsume_Takashi_14.jpg,train
700,/home/vinayak/cleaned_anime_faces/Natsume Takashi/Natsume_Takashi_9.jpg,train
701,/home/vinayak/cleaned_anime_faces/Natsume Takashi/Natsume_Takashi_13.jpg,train
702,/home/vinayak/cleaned_anime_faces/Natsume Takashi/Natsume_Takashi_24.jpg,train
703,/home/vinayak/cleaned_anime_faces/Natsume Takashi/Natsume_Takashi_3.jpg,train
704,/home/vinayak/cleaned_anime_faces/Natsume Takashi/Natsume_Takashi_21.jpg,train
705,/home/vinayak/cleaned_anime_faces/Natsume Takashi/Natsume_Takashi_14_balancing.jpg,train
706,/home/vinayak/cleaned_anime_faces/Natsume Takashi/Natsume_Takashi_16.jpg,train
707,/home/vinayak/cleaned_anime_faces/Natsume Takashi/Natsume_Takashi_11_3.jpg,train
708,/home/vinayak/cleaned_anime_faces/Natsume Takashi/Natsume_Takashi_5.png,train
709,/home/vinayak/cleaned_anime_faces/Natsume Takashi/Natsume_Takashi_29_balancing.jpg,train
710,/home/vinayak/cleaned_anime_faces/Natsume Takashi/Natsume_Takashi_2.jpg,train
711,/home/vinayak/cleaned_anime_faces/Natsume Takashi/Natsume_Takashi_1.jpg,train
712,/home/vinayak/cleaned_anime_faces/Natsume Takashi/Natsume_Takashi_25_balancing.jpg,train
713,/home/vinayak/cleaned_anime_faces/Natsume Takashi/Natsume_Takashi_19.jpg,train
714,/home/vinayak/cleaned_anime_faces/Natsume Takashi/Natsume_Takashi_11_1.jpg,train
715,/home/vinayak/cleaned_anime_faces/Natsume Takashi/Natsume_Takashi_22.jpg,train
716,/home/vinayak/cleaned_anime_faces/Natsume Takashi/Natsume_Takashi_4.jpg,train
717,/home/vinayak/cleaned_anime_faces/Natsume Takashi/Natsume_Takashi_26_balancing.jpg,train
718,/home/vinayak/cleaned_anime_faces/Natsume Takashi/Natsume_Takashi_26.jpg,train
719,/home/vinayak/cleaned_anime_faces/Natsume Takashi/Natsume_Takashi_6.jpg,train
720,/home/vinayak/cleaned_anime_faces/Suzune Horikita/Suzune_Horikita_21.jpg,train
721,/home/vinayak/cleaned_anime_faces/Suzune Horikita/Suzune_Horikita_20.jpg,train
722,/home/vinayak/cleaned_anime_faces/Suzune Horikita/Suzune_Horikita_25.jpg,train
723,/home/vinayak/cleaned_anime_faces/Suzune Horikita/Suzune_Horikita_30.jpg,train
724,/home/vinayak/cleaned_anime_faces/Suzune Horikita/Suzune_Horikita_7.jpg,train
725,/home/vinayak/cleaned_anime_faces/Suzune Horikita/Suzune_Horikita_17.png,train
726,/home/vinayak/cleaned_anime_faces/Suzune Horikita/Suzune_Horikita_1.jpg,train
727,/home/vinayak/cleaned_anime_faces/Suzune Horikita/Suzune_Horikita_19.jpg,train
728,/home/vinayak/cleaned_anime_faces/Suzune Horikita/Suzune_Horikita_5.jpg,train
729,/home/vinayak/cleaned_anime_faces/Suzune Horikita/Suzune_Horikita_18.png,train
730,/home/vinayak/cleaned_anime_faces/Suzune Horikita/Suzune_Horikita_28.jpg,train
731,/home/vinayak/cleaned_anime_faces/Suzune Horikita/Suzune_Horikita_6.jpg,train
732,/home/vinayak/cleaned_anime_faces/Suzune Horikita/Suzune_Horikita_13.png,train
733,/home/vinayak/cleaned_anime_faces/Suzune Horikita/Suzune_Horikita_2_1.png,train
734,/home/vinayak/cleaned_anime_faces/Suzune Horikita/Suzune_Horikita_23.jpg,train
735,/home/vinayak/cleaned_anime_faces/Suzune Horikita/Suzune_Horikita_22_balancing.png,train
736,/home/vinayak/cleaned_anime_faces/Suzune Horikita/Suzune_Horikita_12.jpg,train
737,/home/vinayak/cleaned_anime_faces/Suzune Horikita/Suzune_Horikita_15.png,train
738,/home/vinayak/cleaned_anime_faces/Suzune Horikita/Suzune_Horikita_14.png,train
739,/home/vinayak/cleaned_anime_faces/Suzune Horikita/Suzune_Horikita_29.png,train
740,/home/vinayak/cleaned_anime_faces/Suzune Horikita/Suzune_Horikita_24.jpg,train
741,/home/vinayak/cleaned_anime_faces/Suzune Horikita/Suzune_Horikita_4.jpg,train
742,/home/vinayak/cleaned_anime_faces/Suzune Horikita/Suzune_Horikita_8_balancing.jpg,train
743,/home/vinayak/cleaned_anime_faces/Suzune Horikita/Suzune_Horikita_3.jpg,train
744,/home/vinayak/cleaned_anime_faces/Chika Kudo/Chika_Kudo_1_balancing.jpg,train
745,/home/vinayak/cleaned_anime_faces/Chika Kudo/Chika_Kudo_24_balancing.jpg,train
746,/home/vinayak/cleaned_anime_faces/Chika Kudo/Chika_Kudo_10.png,train
747,/home/vinayak/cleaned_anime_faces/Chika Kudo/Chika_Kudo_12_balancing.jpg,train
748,/home/vinayak/cleaned_anime_faces/Chika Kudo/Chika_Kudo_5.jpg,train
749,/home/vinayak/cleaned_anime_faces/Chika Kudo/Chika_Kudo_10_balancing.png,train
750,/home/vinayak/cleaned_anime_faces/Chika Kudo/Chika_Kudo_24.jpg,train
751,/home/vinayak/cleaned_anime_faces/Chika Kudo/Chika_Kudo_1.jpg,train
752,/home/vinayak/cleaned_anime_faces/Chika Kudo/Chika_Kudo_28.jpg,train
753,/home/vinayak/cleaned_anime_faces/Chika Kudo/Chika_Kudo_27.jpg,train
754,/home/vinayak/cleaned_anime_faces/Chika Kudo/Chika_Kudo_14.jpg,train
755,/home/vinayak/cleaned_anime_faces/Chika Kudo/Chika_Kudo_18.jpg,train
756,/home/vinayak/cleaned_anime_faces/Chika Kudo/Chika_Kudo_11_balancing.jpg,train
757,/home/vinayak/cleaned_anime_faces/Chika Kudo/Chika_Kudo_29_balancing.jpg,train
758,/home/vinayak/cleaned_anime_faces/Chika Kudo/Chika_Kudo_4.jpg,train
759,/home/vinayak/cleaned_anime_faces/Chika Kudo/Chika_Kudo_9.jpg,train
760,/home/vinayak/cleaned_anime_faces/Chika Kudo/Chika_Kudo_12.jpg,train
761,/home/vinayak/cleaned_anime_faces/Chika Kudo/Chika_Kudo_28_balancing.jpg,train
762,/home/vinayak/cleaned_anime_faces/Chika Kudo/Chika_Kudo_2.jpg,train
763,/home/vinayak/cleaned_anime_faces/Chika Kudo/Chika_Kudo_21.jpg,train
764,/home/vinayak/cleaned_anime_faces/Chika Kudo/Chika_Kudo_9_balancing.jpg,train
765,/home/vinayak/cleaned_anime_faces/Chika Kudo/Chika_Kudo_17_balancing.jpg,train
766,/home/vinayak/cleaned_anime_faces/Chika Kudo/Chika_Kudo_7.jpg,train
767,/home/vinayak/cleaned_anime_faces/Chika Kudo/Chika_Kudo_29.jpg,train
768,/home/vinayak/cleaned_anime_faces/Natori Shuuichi/Natori_Shuuichi_21.jpg,train
769,/home/vinayak/cleaned_anime_faces/Natori Shuuichi/Natori_Shuuichi_15_balancing.jpg,train
770,/home/vinayak/cleaned_anime_faces/Natori Shuuichi/Natori_Shuuichi_30.jpg,train
771,/home/vinayak/cleaned_anime_faces/Natori Shuuichi/Natori_Shuuichi_14.png,train
772,/home/vinayak/cleaned_anime_faces/Natori Shuuichi/Natori_Shuuichi_18.png,train
773,/home/vinayak/cleaned_anime_faces/Natori Shuuichi/Natori_Shuuichi_24.jpg,train
774,/home/vinayak/cleaned_anime_faces/Natori Shuuichi/Natori_Shuuichi_18_balancing.png,train
775,/home/vinayak/cleaned_anime_faces/Natori Shuuichi/Natori_Shuuichi_15.jpg,train
776,/home/vinayak/cleaned_anime_faces/Natori Shuuichi/Natori_Shuuichi_19.jpg,train
777,/home/vinayak/cleaned_anime_faces/Natori Shuuichi/Natori_Shuuichi_5.jpg,train
778,/home/vinayak/cleaned_anime_faces/Natori Shuuichi/Natori_Shuuichi_23.jpg,train
779,/home/vinayak/cleaned_anime_faces/Natori Shuuichi/Natori_Shuuichi_8_balancing.png,train
780,/home/vinayak/cleaned_anime_faces/Natori Shuuichi/Natori_Shuuichi_24_balancing.jpg,train
781,/home/vinayak/cleaned_anime_faces/Natori Shuuichi/Natori_Shuuichi_7.png,train
782,/home/vinayak/cleaned_anime_faces/Natori Shuuichi/Natori_Shuuichi_11.jpg,train
783,/home/vinayak/cleaned_anime_faces/Natori Shuuichi/Natori_Shuuichi_13.jpg,train
784,/home/vinayak/cleaned_anime_faces/Natori Shuuichi/Natori_Shuuichi_10.jpg,train
785,/home/vinayak/cleaned_anime_faces/Natori Shuuichi/Natori_Shuuichi_6.jpg,train
786,/home/vinayak/cleaned_anime_faces/Natori Shuuichi/Natori_Shuuichi_12.jpg,train
787,/home/vinayak/cleaned_anime_faces/Natori Shuuichi/Natori_Shuuichi_14_balancing.png,train
788,/home/vinayak/cleaned_anime_faces/Natori Shuuichi/Natori_Shuuichi_4_balancing.jpg,train
789,/home/vinayak/cleaned_anime_faces/Natori Shuuichi/Natori_Shuuichi_8.png,train
790,/home/vinayak/cleaned_anime_faces/Natori Shuuichi/Natori_Shuuichi_2.jpg,train
791,/home/vinayak/cleaned_anime_faces/Natori Shuuichi/Natori_Shuuichi_20.jpg,train
792,/home/vinayak/cleaned_anime_faces/Hanako Koyanagi/Hanako_Koyanagi_30.jpg,train
793,/home/vinayak/cleaned_anime_faces/Hanako Koyanagi/Hanako_Koyanagi_15_1.jpg,train
794,/home/vinayak/cleaned_anime_faces/Hanako Koyanagi/Hanako_Koyanagi_15_1_balancing.jpg,train
795,/home/vinayak/cleaned_anime_faces/Hanako Koyanagi/Hanako_Koyanagi_22.jpg,train
796,/home/vinayak/cleaned_anime_faces/Hanako Koyanagi/Hanako_Koyanagi_11_balancing.jpg,train
797,/home/vinayak/cleaned_anime_faces/Hanako Koyanagi/Hanako_Koyanagi_11.jpg,train
798,/home/vinayak/cleaned_anime_faces/Hanako Koyanagi/Hanako_Koyanagi_15.jpg,train
799,/home/vinayak/cleaned_anime_faces/Hanako Koyanagi/Hanako_Koyanagi_16.png,train
800,/home/vinayak/cleaned_anime_faces/Hanako Koyanagi/Hanako_Koyanagi_20_balancing.png,train
801,/home/vinayak/cleaned_anime_faces/Hanako Koyanagi/Hanako_Koyanagi_24.jpg,train
802,/home/vinayak/cleaned_anime_faces/Hanako Koyanagi/Hanako_Koyanagi_25.jpg,train
803,/home/vinayak/cleaned_anime_faces/Hanako Koyanagi/Hanako_Koyanagi_3_balancing.jpg,train
804,/home/vinayak/cleaned_anime_faces/Hanako Koyanagi/Hanako_Koyanagi_23.jpg,train
805,/home/vinayak/cleaned_anime_faces/Hanako Koyanagi/Hanako_Koyanagi_19.jpg,train
806,/home/vinayak/cleaned_anime_faces/Hanako Koyanagi/Hanako_Koyanagi_7.png,train
807,/home/vinayak/cleaned_anime_faces/Hanako Koyanagi/Hanako_Koyanagi_6.jpg,train
808,/home/vinayak/cleaned_anime_faces/Hanako Koyanagi/Hanako_Koyanagi_3.jpg,train
809,/home/vinayak/cleaned_anime_faces/Hanako Koyanagi/Hanako_Koyanagi_17.png,train
810,/home/vinayak/cleaned_anime_faces/Hanako Koyanagi/Hanako_Koyanagi_8.jpg,train
811,/home/vinayak/cleaned_anime_faces/Hanako Koyanagi/Hanako_Koyanagi_8_balancing.jpg,train
812,/home/vinayak/cleaned_anime_faces/Hanako Koyanagi/Hanako_Koyanagi_2.jpg,train
813,/home/vinayak/cleaned_anime_faces/Hanako Koyanagi/Hanako_Koyanagi_29.jpg,train
814,/home/vinayak/cleaned_anime_faces/Hanako Koyanagi/Hanako_Koyanagi_22_balancing.jpg,train
815,/home/vinayak/cleaned_anime_faces/Hanako Koyanagi/Hanako_Koyanagi_12.jpg,train
816,/home/vinayak/cleaned_anime_faces/Miya Osamu/Miya_Osamu_18.jpg,train
817,/home/vinayak/cleaned_anime_faces/Miya Osamu/Miya_Osamu_26_3.png,train
818,/home/vinayak/cleaned_anime_faces/Miya Osamu/Miya_Osamu_2.jpg,train
819,/home/vinayak/cleaned_anime_faces/Miya Osamu/Miya_Osamu_22.jpg,train
820,/home/vinayak/cleaned_anime_faces/Miya Osamu/Miya_Osamu_17.jpg,train
821,/home/vinayak/cleaned_anime_faces/Miya Osamu/Miya_Osamu_4_2.jpg,train
822,/home/vinayak/cleaned_anime_faces/Miya Osamu/Miya_Osamu_16.jpg,train
823,/home/vinayak/cleaned_anime_faces/Miya Osamu/Miya_Osamu_26_2_balancing.png,train
824,/home/vinayak/cleaned_anime_faces/Miya Osamu/Miya_Osamu_29.jpg,train
825,/home/vinayak/cleaned_anime_faces/Miya Osamu/Miya_Osamu_1.jpg,train
826,/home/vinayak/cleaned_anime_faces/Miya Osamu/Miya_Osamu_6.jpg,train
827,/home/vinayak/cleaned_anime_faces/Miya Osamu/Miya_Osamu_4_6.jpg,train
828,/home/vinayak/cleaned_anime_faces/Miya Osamu/Miya_Osamu_4_4.jpg,train
829,/home/vinayak/cleaned_anime_faces/Miya Osamu/Miya_Osamu_8.jpg,train
830,/home/vinayak/cleaned_anime_faces/Miya Osamu/Miya_Osamu_26_2.png,train
831,/home/vinayak/cleaned_anime_faces/Miya Osamu/Miya_Osamu_4.jpg,train
832,/home/vinayak/cleaned_anime_faces/Miya Osamu/Miya_Osamu_9.png,train
833,/home/vinayak/cleaned_anime_faces/Miya Osamu/Miya_Osamu_4_1.jpg,train
834,/home/vinayak/cleaned_anime_faces/Miya Osamu/Miya_Osamu_4_8.jpg,train
835,/home/vinayak/cleaned_anime_faces/Miya Osamu/Miya_Osamu_4_5.jpg,train
836,/home/vinayak/cleaned_anime_faces/Miya Osamu/Miya_Osamu_28.jpg,train
837,/home/vinayak/cleaned_anime_faces/Miya Osamu/Miya_Osamu_26_3_balancing.png,train
838,/home/vinayak/cleaned_anime_faces/Miya Osamu/Miya_Osamu_26_1.png,train
839,/home/vinayak/cleaned_anime_faces/Miya Osamu/Miya_Osamu_4_3.jpg,train
840,/home/vinayak/cleaned_anime_faces/Kuro Tetsuro/Kuro_Tetsuro_12.png,train
841,/home/vinayak/cleaned_anime_faces/Kuro Tetsuro/Kuro_Tetsuro_19.jpg,train
842,/home/vinayak/cleaned_anime_faces/Kuro Tetsuro/Kuro_Tetsuro_27.jpg,train
843,/home/vinayak/cleaned_anime_faces/Kuro Tetsuro/Kuro_Tetsuro_7.jpg,train
844,/home/vinayak/cleaned_anime_faces/Kuro Tetsuro/Kuro_Tetsuro_4_balancing.jpg,train
845,/home/vinayak/cleaned_anime_faces/Kuro Tetsuro/Kuro_Tetsuro_30.jpg,train
846,/home/vinayak/cleaned_anime_faces/Kuro Tetsuro/Kuro_Tetsuro_11.jpg,train
847,/home/vinayak/cleaned_anime_faces/Kuro Tetsuro/Kuro_Tetsuro_4.jpg,train
848,/home/vinayak/cleaned_anime_faces/Kuro Tetsuro/Kuro_Tetsuro_18_balancing.jpg,train
849,/home/vinayak/cleaned_anime_faces/Kuro Tetsuro/Kuro_Tetsuro_3_balancing.png,train
850,/home/vinayak/cleaned_anime_faces/Kuro Tetsuro/Kuro_Tetsuro_29.jpg,train
851,/home/vinayak/cleaned_anime_faces/Kuro Tetsuro/Kuro_Tetsuro_6_balancing.jpg,train
852,/home/vinayak/cleaned_anime_faces/Kuro Tetsuro/Kuro_Tetsuro_18.jpg,train
853,/home/vinayak/cleaned_anime_faces/Kuro Tetsuro/Kuro_Tetsuro_27_balancing.jpg,train
854,/home/vinayak/cleaned_anime_faces/Kuro Tetsuro/Kuro_Tetsuro_11_balancing.jpg,train
855,/home/vinayak/cleaned_anime_faces/Kuro Tetsuro/Kuro_Tetsuro_25.jpg,train
856,/home/vinayak/cleaned_anime_faces/Kuro Tetsuro/Kuro_Tetsuro_6.jpg,train
857,/home/vinayak/cleaned_anime_faces/Kuro Tetsuro/Kuro_Tetsuro_19_balancing.jpg,train
858,/home/vinayak/cleaned_anime_faces/Kuro Tetsuro/Kuro_Tetsuro_10.jpg,train
859,/home/vinayak/cleaned_anime_faces/Kuro Tetsuro/Kuro_Tetsuro_28.jpg,train
860,/home/vinayak/cleaned_anime_faces/Kuro Tetsuro/Kuro_Tetsuro_23.jpg,train
861,/home/vinayak/cleaned_anime_faces/Kuro Tetsuro/Kuro_Tetsuro_3.png,train
862,/home/vinayak/cleaned_anime_faces/Kuro Tetsuro/Kuro_Tetsuro_16.png,train
863,/home/vinayak/cleaned_anime_faces/Kuro Tetsuro/Kuro_Tetsuro_7_balancing.jpg,train
864,/home/vinayak/cleaned_anime_faces/Izumi Hashima/Izumi_Hashima_10.png,train
865,/home/vinayak/cleaned_anime_faces/Izumi Hashima/Izumi_Hashima_11_balancing.jpg,train
866,/home/vinayak/cleaned_anime_faces/Izumi Hashima/Izumi_Hashima_17.png,train
867,/home/vinayak/cleaned_anime_faces/Izumi Hashima/Izumi_Hashima_12.jpg,train
868,/home/vinayak/cleaned_anime_faces/Izumi Hashima/Izumi_Hashima_25.jpg,train
869,/home/vinayak/cleaned_anime_faces/Izumi Hashima/Izumi_Hashima_12_balancing.jpg,train
870,/home/vinayak/cleaned_anime_faces/Izumi Hashima/Izumi_Hashima_6.png,train
871,/home/vinayak/cleaned_anime_faces/Izumi Hashima/Izumi_Hashima_28.jpg,train
872,/home/vinayak/cleaned_anime_faces/Izumi Hashima/Izumi_Hashima_15.png,train
873,/home/vinayak/cleaned_anime_faces/Izumi Hashima/Izumi_Hashima_8.png,train
874,/home/vinayak/cleaned_anime_faces/Izumi Hashima/Izumi_Hashima_1.jpg,train
875,/home/vinayak/cleaned_anime_faces/Izumi Hashima/Izumi_Hashima_26.jpg,train
876,/home/vinayak/cleaned_anime_faces/Izumi Hashima/Izumi_Hashima_2_balancing.jpg,train
877,/home/vinayak/cleaned_anime_faces/Izumi Hashima/Izumi_Hashima_20.png,train
878,/home/vinayak/cleaned_anime_faces/Izumi Hashima/Izumi_Hashima_30.jpg,train
879,/home/vinayak/cleaned_anime_faces/Izumi Hashima/Izumi_Hashima_23.jpg,train
880,/home/vinayak/cleaned_anime_faces/Izumi Hashima/Izumi_Hashima_28_balancing.jpg,train
881,/home/vinayak/cleaned_anime_faces/Izumi Hashima/Izumi_Hashima_29.jpg,train
882,/home/vinayak/cleaned_anime_faces/Izumi Hashima/Izumi_Hashima_3.jpg,train
883,/home/vinayak/cleaned_anime_faces/Izumi Hashima/Izumi_Hashima_1_balancing.jpg,train
884,/home/vinayak/cleaned_anime_faces/Izumi Hashima/Izumi_Hashima_4.jpg,train
885,/home/vinayak/cleaned_anime_faces/Izumi Hashima/Izumi_Hashima_18.png,train
886,/home/vinayak/cleaned_anime_faces/Izumi Hashima/Izumi_Hashima_16.jpg,train
887,/home/vinayak/cleaned_anime_faces/Izumi Hashima/Izumi_Hashima_11.jpg,train
888,/home/vinayak/cleaned_anime_faces/Megumi Kato/Megumi_Kato_8_balancing.jpg,valid
889,/home/vinayak/cleaned_anime_faces/Megumi Kato/Megumi_Kato_23.jpg,valid
890,/home/vinayak/cleaned_anime_faces/Megumi Kato/Megumi_Kato_2.png,valid
891,/home/vinayak/cleaned_anime_faces/Megumi Kato/Megumi_Kato_24.jpg,valid
892,/home/vinayak/cleaned_anime_faces/Megumi Kato/Megumi_Kato_13.png,valid
893,/home/vinayak/cleaned_anime_faces/Megumi Kato/Megumi_Kato_8.jpg,valid
894,/home/vinayak/cleaned_anime_faces/Seijuro Akashi/Seijuro_Akashi_1.png,valid
895,/home/vinayak/cleaned_anime_faces/Seijuro Akashi/Seijuro_Akashi_4.jpg,valid
896,/home/vinayak/cleaned_anime_faces/Seijuro Akashi/Seijuro_Akashi_11.png,valid
897,/home/vinayak/cleaned_anime_faces/Seijuro Akashi/Seijuro_Akashi_27.png,valid
898,/home/vinayak/cleaned_anime_faces/Seijuro Akashi/Seijuro_Akashi_2.jpg,valid
899,/home/vinayak/cleaned_anime_faces/Seijuro Akashi/Seijuro_Akashi_9.jpg,valid
900,/home/vinayak/cleaned_anime_faces/Michiru Hyodo/Michiru_Hyodo_25.jpg,valid
901,/home/vinayak/cleaned_anime_faces/Michiru Hyodo/Michiru_Hyodo_3.jpg,valid
902,/home/vinayak/cleaned_anime_faces/Michiru Hyodo/Michiru_Hyodo_21_balancing.jpg,valid
903,/home/vinayak/cleaned_anime_faces/Michiru Hyodo/Michiru_Hyodo_21.jpg,valid
904,/home/vinayak/cleaned_anime_faces/Michiru Hyodo/Michiru_Hyodo_8.jpg,valid
905,/home/vinayak/cleaned_anime_faces/Michiru Hyodo/Michiru_Hyodo_10_balancing.jpg,valid
906,/home/vinayak/cleaned_anime_faces/Satowa Hozuki/Satowa_Hozuki_25.jpg,valid
907,/home/vinayak/cleaned_anime_faces/Satowa Hozuki/Satowa_Hozuki_19.jpg,valid
908,/home/vinayak/cleaned_anime_faces/Satowa Hozuki/Satowa_Hozuki_21.jpg,valid
909,/home/vinayak/cleaned_anime_faces/Satowa Hozuki/Satowa_Hozuki_15.png,valid
910,/home/vinayak/cleaned_anime_faces/Satowa Hozuki/Satowa_Hozuki_30.jpg,valid
911,/home/vinayak/cleaned_anime_faces/Satowa Hozuki/Satowa_Hozuki_14.jpg,valid
912,/home/vinayak/cleaned_anime_faces/Narumi Momose/Narumi_Momose_16.jpg,valid
913,/home/vinayak/cleaned_anime_faces/Narumi Momose/Narumi_Momose_9.jpg,valid
914,/home/vinayak/cleaned_anime_faces/Narumi Momose/Narumi_Momose_2.jpg,valid
915,/home/vinayak/cleaned_anime_faces/Narumi Momose/Narumi_Momose_1.png,valid
916,/home/vinayak/cleaned_anime_faces/Narumi Momose/Narumi_Momose_3.jpg,valid
917,/home/vinayak/cleaned_anime_faces/Narumi Momose/Narumi_Momose_2_balancing.jpg,valid
918,/home/vinayak/cleaned_anime_faces/Kise Ryota/Kise_Ryota_15_balancing.jpg,valid
919,/home/vinayak/cleaned_anime_faces/Kise Ryota/Kise_Ryota_6.jpg,valid
920,/home/vinayak/cleaned_anime_faces/Kise Ryota/Kise_Ryota_14_balancing.jpg,valid
921,/home/vinayak/cleaned_anime_faces/Kise Ryota/Kise_Ryota_16.png,valid
922,/home/vinayak/cleaned_anime_faces/Kise Ryota/Kise_Ryota_14.jpg,valid
923,/home/vinayak/cleaned_anime_faces/Kise Ryota/Kise_Ryota_13_balancing.png,valid
924,/home/vinayak/cleaned_anime_faces/Ushijima Wakatoshi/Ushijima_Wakatoshi_12.jpg,valid
925,/home/vinayak/cleaned_anime_faces/Ushijima Wakatoshi/Ushijima_Wakatoshi_3.jpg,valid
926,/home/vinayak/cleaned_anime_faces/Ushijima Wakatoshi/Ushijima_Wakatoshi_1.jpg,valid
927,/home/vinayak/cleaned_anime_faces/Ushijima Wakatoshi/Ushijima_Wakatoshi_4_balancing.jpg,valid
928,/home/vinayak/cleaned_anime_faces/Ushijima Wakatoshi/Ushijima_Wakatoshi_25.jpg,valid
929,/home/vinayak/cleaned_anime_faces/Ushijima Wakatoshi/Ushijima_Wakatoshi_30.jpg,valid
930,/home/vinayak/cleaned_anime_faces/Arima Kousei/Arima_Kousei_16.jpg,valid
931,/home/vinayak/cleaned_anime_faces/Arima Kousei/Arima_Kousei_8.jpg,valid
932,/home/vinayak/cleaned_anime_faces/Arima Kousei/Arima_Kousei_2.png,valid
933,/home/vinayak/cleaned_anime_faces/Arima Kousei/Arima_Kousei_10.png,valid
934,/home/vinayak/cleaned_anime_faces/Arima Kousei/Arima_Kousei_25.jpg,valid
935,/home/vinayak/cleaned_anime_faces/Arima Kousei/Arima_Kousei_5_1.jpg,valid
936,/home/vinayak/cleaned_anime_faces/Kaori Miyazono/Kaori_Miyazono_10.jpg,valid
937,/home/vinayak/cleaned_anime_faces/Kaori Miyazono/Kaori_Miyazono_11.png,valid
938,/home/vinayak/cleaned_anime_faces/Kaori Miyazono/Kaori_Miyazono_30.jpg,valid
939,/home/vinayak/cleaned_anime_faces/Kaori Miyazono/Kaori_Miyazono_4.png,valid
940,/home/vinayak/cleaned_anime_faces/Kaori Miyazono/Kaori_Miyazono_18.jpg,valid
941,/home/vinayak/cleaned_anime_faces/Kaori Miyazono/Kaori_Miyazono_26.jpg,valid
942,/home/vinayak/cleaned_anime_faces/Midorima Shintaro/Midorima_Shintaro_15.png,valid
943,/home/vinayak/cleaned_anime_faces/Midorima Shintaro/Midorima_Shintaro_10.jpg,valid
944,/home/vinayak/cleaned_anime_faces/Midorima Shintaro/Midorima_Shintaro_7.jpg,valid
945,/home/vinayak/cleaned_anime_faces/Midorima Shintaro/Midorima_Shintaro_27_balancing.png,valid
946,/home/vinayak/cleaned_anime_faces/Midorima Shintaro/Midorima_Shintaro_26.jpg,valid
947,/home/vinayak/cleaned_anime_faces/Midorima Shintaro/Midorima_Shintaro_27.png,valid
948,/home/vinayak/cleaned_anime_faces/Utaha Kasumigaoka/Utaha_Kasumigaoka_6.jpg,valid
949,/home/vinayak/cleaned_anime_faces/Utaha Kasumigaoka/Utaha_Kasumigaoka_11.jpg,valid
950,/home/vinayak/cleaned_anime_faces/Utaha Kasumigaoka/Utaha_Kasumigaoka_26.png,valid
951,/home/vinayak/cleaned_anime_faces/Utaha Kasumigaoka/Utaha_Kasumigaoka_1.jpg,valid
952,/home/vinayak/cleaned_anime_faces/Utaha Kasumigaoka/Utaha_Kasumigaoka_6_balancing.jpg,valid
953,/home/vinayak/cleaned_anime_faces/Utaha Kasumigaoka/Utaha_Kasumigaoka_8_balancing.jpg,valid
954,/home/vinayak/cleaned_anime_faces/Ruka Sarashina/Ruka_Sarashina_11.jpg,valid
955,/home/vinayak/cleaned_anime_faces/Ruka Sarashina/Ruka_Sarashina_6_2.jpg,valid
956,/home/vinayak/cleaned_anime_faces/Ruka Sarashina/Ruka_Sarashina_10.png,valid
957,/home/vinayak/cleaned_anime_faces/Ruka Sarashina/Ruka_Sarashina_9.jpg,valid
958,/home/vinayak/cleaned_anime_faces/Ruka Sarashina/Ruka_Sarashina_3.jpg,valid
959,/home/vinayak/cleaned_anime_faces/Ruka Sarashina/Ruka_Sarashina_4.jpg,valid
960,/home/vinayak/cleaned_anime_faces/Kotaro Bokuto/Kotaro_Bokuto_13.jpg,valid
961,/home/vinayak/cleaned_anime_faces/Kotaro Bokuto/Kotaro_Bokuto_26.jpg,valid
962,/home/vinayak/cleaned_anime_faces/Kotaro Bokuto/Kotaro_Bokuto_8.jpg,valid
963,/home/vinayak/cleaned_anime_faces/Kotaro Bokuto/Kotaro_Bokuto_18.jpg,valid
964,/home/vinayak/cleaned_anime_faces/Kotaro Bokuto/Kotaro_Bokuto_10_balancing.jpg,valid
965,/home/vinayak/cleaned_anime_faces/Kotaro Bokuto/Kotaro_Bokuto_21.jpg,valid
966,/home/vinayak/cleaned_anime_faces/Sumi Sakurasawa/Sumi_Sakurasawa_15.jpg,valid
967,/home/vinayak/cleaned_anime_faces/Sumi Sakurasawa/Sumi_Sakurasawa_8.jpg,valid
968,/home/vinayak/cleaned_anime_faces/Sumi Sakurasawa/Sumi_Sakurasawa_27_balancing.jpg,valid
969,/home/vinayak/cleaned_anime_faces/Sumi Sakurasawa/Sumi_Sakurasawa_28.jpg,valid
970,/home/vinayak/cleaned_anime_faces/Sumi Sakurasawa/Sumi_Sakurasawa_11.jpg,valid
971,/home/vinayak/cleaned_anime_faces/Sumi Sakurasawa/Sumi_Sakurasawa_18.jpg,valid
972,/home/vinayak/cleaned_anime_faces/Eriri Spencer Sawamura/Eriri_Spencer_Sawamura_21.png,valid
973,/home/vinayak/cleaned_anime_faces/Eriri Spencer Sawamura/Eriri_Spencer_Sawamura_24.jpg,valid
974,/home/vinayak/cleaned_anime_faces/Eriri Spencer Sawamura/Eriri_Spencer_Sawamura_1_balancing.jpg,valid
975,/home/vinayak/cleaned_anime_faces/Eriri Spencer Sawamura/Eriri_Spencer_Sawamura_17.png,valid
976,/home/vinayak/cleaned_anime_faces/Eriri Spencer Sawamura/Eriri_Spencer_Sawamura_15.png,valid
977,/home/vinayak/cleaned_anime_faces/Eriri Spencer Sawamura/Eriri_Spencer_Sawamura_15_balancing.png,valid
978,/home/vinayak/cleaned_anime_faces/Aomine Daiki/Aomine_Daiki_3.png,valid
979,/home/vinayak/cleaned_anime_faces/Aomine Daiki/Aomine_Daiki_8.jpg,valid
980,/home/vinayak/cleaned_anime_faces/Aomine Daiki/Aomine_Daiki_17.jpg,valid
981,/home/vinayak/cleaned_anime_faces/Aomine Daiki/Aomine_Daiki_6.png,valid
982,/home/vinayak/cleaned_anime_faces/Aomine Daiki/Aomine_Daiki_11.png,valid
983,/home/vinayak/cleaned_anime_faces/Aomine Daiki/Aomine_Daiki_25.png,valid
984,/home/vinayak/cleaned_anime_faces/Mami Nanami/Mami_Nanami_7.jpg,valid
985,/home/vinayak/cleaned_anime_faces/Mami Nanami/Mami_Nanami_2_balancing.jpg,valid
986,/home/vinayak/cleaned_anime_faces/Mami Nanami/Mami_Nanami_2.jpg,valid
987,/home/vinayak/cleaned_anime_faces/Mami Nanami/Mami_Nanami_15.png,valid
988,/home/vinayak/cleaned_anime_faces/Mami Nanami/Mami_Nanami_12.png,valid
989,/home/vinayak/cleaned_anime_faces/Mami Nanami/Mami_Nanami_25.jpg,valid
990,/home/vinayak/cleaned_anime_faces/Tsubaki Sawabe/Tsubaki_Sawabe_28.jpg,valid
991,/home/vinayak/cleaned_anime_faces/Tsubaki Sawabe/Tsubaki_Sawabe_17.jpg,valid
992,/home/vinayak/cleaned_anime_faces/Tsubaki Sawabe/Tsubaki_Sawabe_18_1.jpg,valid
993,/home/vinayak/cleaned_anime_faces/Tsubaki Sawabe/Tsubaki_Sawabe_30_balancing.jpg,valid
994,/home/vinayak/cleaned_anime_faces/Tsubaki Sawabe/Tsubaki_Sawabe_26.jpg,valid
995,/home/vinayak/cleaned_anime_faces/Tsubaki Sawabe/Tsubaki_Sawabe_18.jpg,valid
996,/home/vinayak/cleaned_anime_faces/Kageyama Tobio/Kageyama_Tobio_7.jpg,valid
997,/home/vinayak/cleaned_anime_faces/Kageyama Tobio/Kageyama_Tobio_12.jpg,valid
998,/home/vinayak/cleaned_anime_faces/Kageyama Tobio/Kageyama_Tobio_9.jpg,valid
999,/home/vinayak/cleaned_anime_faces/Kageyama Tobio/Kageyama_Tobio_9_balancing.jpg,valid
1000,/home/vinayak/cleaned_anime_faces/Kageyama Tobio/Kageyama_Tobio_28.jpg,valid
1001,/home/vinayak/cleaned_anime_faces/Kageyama Tobio/Kageyama_Tobio_8.jpg,valid
1002,/home/vinayak/cleaned_anime_faces/Hinata Shoyo/Hinata_Shoyo_11.png,valid
1003,/home/vinayak/cleaned_anime_faces/Hinata Shoyo/Hinata_Shoyo_4.png,valid
1004,/home/vinayak/cleaned_anime_faces/Hinata Shoyo/Hinata_Shoyo_18_balancing.png,valid
1005,/home/vinayak/cleaned_anime_faces/Hinata Shoyo/Hinata_Shoyo_30.jpg,valid
1006,/home/vinayak/cleaned_anime_faces/Hinata Shoyo/Hinata_Shoyo_6.png,valid
1007,/home/vinayak/cleaned_anime_faces/Hinata Shoyo/Hinata_Shoyo_22.jpg,valid
1008,/home/vinayak/cleaned_anime_faces/Kiyotaka Ayanokoji/Kiyotaka_Ayanokoji_30.png,valid
1009,/home/vinayak/cleaned_anime_faces/Kiyotaka Ayanokoji/Kiyotaka_Ayanokoji_9.png,valid
1010,/home/vinayak/cleaned_anime_faces/Kiyotaka Ayanokoji/Kiyotaka_Ayanokoji_1.jpg,valid
1011,/home/vinayak/cleaned_anime_faces/Kiyotaka Ayanokoji/Kiyotaka_Ayanokoji_10.jpg,valid
1012,/home/vinayak/cleaned_anime_faces/Kiyotaka Ayanokoji/Kiyotaka_Ayanokoji_15.jpg,valid
1013,/home/vinayak/cleaned_anime_faces/Kiyotaka Ayanokoji/Kiyotaka_Ayanokoji_29.jpg,valid
1014,/home/vinayak/cleaned_anime_faces/Kuroko Tetsuya/Kuroko_Tetsuya_4.jpg,valid
1015,/home/vinayak/cleaned_anime_faces/Kuroko Tetsuya/Kuroko_Tetsuya_19_balancing.jpg,valid
1016,/home/vinayak/cleaned_anime_faces/Kuroko Tetsuya/Kuroko_Tetsuya_28.jpg,valid
1017,/home/vinayak/cleaned_anime_faces/Kuroko Tetsuya/Kuroko_Tetsuya_7.png,valid
1018,/home/vinayak/cleaned_anime_faces/Kuroko Tetsuya/Kuroko_Tetsuya_11.png,valid
1019,/home/vinayak/cleaned_anime_faces/Kuroko Tetsuya/Kuroko_Tetsuya_5.jpg,valid
1020,/home/vinayak/cleaned_anime_faces/Jinta Yadomi/Jinta_Yadomi_29.jpg,valid
1021,/home/vinayak/cleaned_anime_faces/Jinta Yadomi/Jinta_Yadomi_29_balancing.jpg,valid
1022,/home/vinayak/cleaned_anime_faces/Jinta Yadomi/Jinta_Yadomi_9.png,valid
1023,/home/vinayak/cleaned_anime_faces/Jinta Yadomi/Jinta_Yadomi_18.jpg,valid
1024,/home/vinayak/cleaned_anime_faces/Jinta Yadomi/Jinta_Yadomi_11.png,valid
1025,/home/vinayak/cleaned_anime_faces/Jinta Yadomi/Jinta_Yadomi_7.png,valid
1026,/home/vinayak/cleaned_anime_faces/Kikyou Kushida/Kikyou_Kushida_6_3_balancing.png,valid
1027,/home/vinayak/cleaned_anime_faces/Kikyou Kushida/Kikyou_Kushida_25.jpg,valid
1028,/home/vinayak/cleaned_anime_faces/Kikyou Kushida/Kikyou_Kushida_30.jpg,valid
1029,/home/vinayak/cleaned_anime_faces/Kikyou Kushida/Kikyou_Kushida_10.jpg,valid
1030,/home/vinayak/cleaned_anime_faces/Kikyou Kushida/Kikyou_Kushida_13.jpg,valid
1031,/home/vinayak/cleaned_anime_faces/Kikyou Kushida/Kikyou_Kushida_21.jpg,valid
1032,/home/vinayak/cleaned_anime_faces/Tomoya Aki/Tomoya_Aki_6.jpg,valid
1033,/home/vinayak/cleaned_anime_faces/Tomoya Aki/Tomoya_Aki_18.jpg,valid
1034,/home/vinayak/cleaned_anime_faces/Tomoya Aki/Tomoya_Aki_15.jpg,valid
1035,/home/vinayak/cleaned_anime_faces/Tomoya Aki/Tomoya_Aki_12.png,valid
1036,/home/vinayak/cleaned_anime_faces/Tomoya Aki/Tomoya_Aki_20.jpg,valid
1037,/home/vinayak/cleaned_anime_faces/Tomoya Aki/Tomoya_Aki_21.jpg,valid
1038,/home/vinayak/cleaned_anime_faces/Nagisa Furukawa/Nagisa_Furukawa_22_balancing.jpg,valid
1039,/home/vinayak/cleaned_anime_faces/Nagisa Furukawa/Nagisa_Furukawa_22.jpg,valid
1040,/home/vinayak/cleaned_anime_faces/Nagisa Furukawa/Nagisa_Furukawa_4.jpg,valid
1041,/home/vinayak/cleaned_anime_faces/Nagisa Furukawa/Nagisa_Furukawa_15.png,valid
1042,/home/vinayak/cleaned_anime_faces/Nagisa Furukawa/Nagisa_Furukawa_25.jpg,valid
1043,/home/vinayak/cleaned_anime_faces/Nagisa Furukawa/Nagisa_Furukawa_17.jpg,valid
1044,/home/vinayak/cleaned_anime_faces/Chizuru Mizuhara/Chizuru_Mizuhara_28.jpg,valid
1045,/home/vinayak/cleaned_anime_faces/Chizuru Mizuhara/Chizuru_Mizuhara_11.jpg,valid
1046,/home/vinayak/cleaned_anime_faces/Chizuru Mizuhara/Chizuru_Mizuhara_5.jpg,valid
1047,/home/vinayak/cleaned_anime_faces/Chizuru Mizuhara/Chizuru_Mizuhara_1.jpg,valid
1048,/home/vinayak/cleaned_anime_faces/Chizuru Mizuhara/Chizuru_Mizuhara_12.jpg,valid
1049,/home/vinayak/cleaned_anime_faces/Chizuru Mizuhara/Chizuru_Mizuhara_13.jpg,valid
1050,/home/vinayak/cleaned_anime_faces/Miya Atsumu/Miya_Atsumu_15.jpg,valid
1051,/home/vinayak/cleaned_anime_faces/Miya Atsumu/Miya_Atsumu_1.jpg,valid
1052,/home/vinayak/cleaned_anime_faces/Miya Atsumu/Miya_Atsumu_30.jpg,valid
1053,/home/vinayak/cleaned_anime_faces/Miya Atsumu/Miya_Atsumu_24.jpg,valid
1054,/home/vinayak/cleaned_anime_faces/Miya Atsumu/Miya_Atsumu_30_balancing.jpg,valid
1055,/home/vinayak/cleaned_anime_faces/Miya Atsumu/Miya_Atsumu_19.jpg,valid
1056,/home/vinayak/cleaned_anime_faces/Murasakibara Atsushi/Murasakibara_Atsushi_1.png,valid
1057,/home/vinayak/cleaned_anime_faces/Murasakibara Atsushi/Murasakibara_Atsushi_13.png,valid
1058,/home/vinayak/cleaned_anime_faces/Murasakibara Atsushi/Murasakibara_Atsushi_3.jpg,valid
1059,/home/vinayak/cleaned_anime_faces/Murasakibara Atsushi/Murasakibara_Atsushi_22_balancing.jpg,valid
1060,/home/vinayak/cleaned_anime_faces/Murasakibara Atsushi/Murasakibara_Atsushi_22.jpg,valid
1061,/home/vinayak/cleaned_anime_faces/Murasakibara Atsushi/Murasakibara_Atsushi_2.jpg,valid
1062,/home/vinayak/cleaned_anime_faces/Natsume Takashi/Natsume_Takashi_12.jpg,valid
1063,/home/vinayak/cleaned_anime_faces/Natsume Takashi/Natsume_Takashi_17.png,valid
1064,/home/vinayak/cleaned_anime_faces/Natsume Takashi/Natsume_Takashi_30.jpg,valid
1065,/home/vinayak/cleaned_anime_faces/Natsume Takashi/Natsume_Takashi_18.jpg,valid
1066,/home/vinayak/cleaned_anime_faces/Natsume Takashi/Natsume_Takashi_25.jpg,valid
1067,/home/vinayak/cleaned_anime_faces/Natsume Takashi/Natsume_Takashi_7.jpg,valid
1068,/home/vinayak/cleaned_anime_faces/Suzune Horikita/Suzune_Horikita_2_3.png,valid
1069,/home/vinayak/cleaned_anime_faces/Suzune Horikita/Suzune_Horikita_16.png,valid
1070,/home/vinayak/cleaned_anime_faces/Suzune Horikita/Suzune_Horikita_2_2.png,valid
1071,/home/vinayak/cleaned_anime_faces/Suzune Horikita/Suzune_Horikita_2.png,valid
1072,/home/vinayak/cleaned_anime_faces/Suzune Horikita/Suzune_Horikita_8.jpg,valid
1073,/home/vinayak/cleaned_anime_faces/Suzune Horikita/Suzune_Horikita_22.png,valid
1074,/home/vinayak/cleaned_anime_faces/Chika Kudo/Chika_Kudo_13.jpg,valid
1075,/home/vinayak/cleaned_anime_faces/Chika Kudo/Chika_Kudo_26.jpg,valid
1076,/home/vinayak/cleaned_anime_faces/Chika Kudo/Chika_Kudo_11.jpg,valid
1077,/home/vinayak/cleaned_anime_faces/Chika Kudo/Chika_Kudo_16.png,valid
1078,/home/vinayak/cleaned_anime_faces/Chika Kudo/Chika_Kudo_17.jpg,valid
1079,/home/vinayak/cleaned_anime_faces/Chika Kudo/Chika_Kudo_3.jpg,valid
1080,/home/vinayak/cleaned_anime_faces/Natori Shuuichi/Natori_Shuuichi_17.jpg,valid
1081,/home/vinayak/cleaned_anime_faces/Natori Shuuichi/Natori_Shuuichi_29.jpg,valid
1082,/home/vinayak/cleaned_anime_faces/Natori Shuuichi/Natori_Shuuichi_16.jpg,valid
1083,/home/vinayak/cleaned_anime_faces/Natori Shuuichi/Natori_Shuuichi_4.jpg,valid
1084,/home/vinayak/cleaned_anime_faces/Natori Shuuichi/Natori_Shuuichi_9.jpg,valid
1085,/home/vinayak/cleaned_anime_faces/Natori Shuuichi/Natori_Shuuichi_7_balancing.png,valid
1086,/home/vinayak/cleaned_anime_faces/Hanako Koyanagi/Hanako_Koyanagi_20.png,valid
1087,/home/vinayak/cleaned_anime_faces/Hanako Koyanagi/Hanako_Koyanagi_4.jpg,valid
1088,/home/vinayak/cleaned_anime_faces/Hanako Koyanagi/Hanako_Koyanagi_14.jpg,valid
1089,/home/vinayak/cleaned_anime_faces/Hanako Koyanagi/Hanako_Koyanagi_21.jpg,valid
1090,/home/vinayak/cleaned_anime_faces/Hanako Koyanagi/Hanako_Koyanagi_2_balancing.jpg,valid
1091,/home/vinayak/cleaned_anime_faces/Hanako Koyanagi/Hanako_Koyanagi_5.png,valid
1092,/home/vinayak/cleaned_anime_faces/Miya Osamu/Miya_Osamu_11.png,valid
1093,/home/vinayak/cleaned_anime_faces/Miya Osamu/Miya_Osamu_15.jpg,valid
1094,/home/vinayak/cleaned_anime_faces/Miya Osamu/Miya_Osamu_26.png,valid
1095,/home/vinayak/cleaned_anime_faces/Miya Osamu/Miya_Osamu_23.png,valid
1096,/home/vinayak/cleaned_anime_faces/Miya Osamu/Miya_Osamu_4_7.jpg,valid
1097,/home/vinayak/cleaned_anime_faces/Miya Osamu/Miya_Osamu_24.jpg,valid
1098,/home/vinayak/cleaned_anime_faces/Kuro Tetsuro/Kuro_Tetsuro_21_balancing.jpg,valid
1099,/home/vinayak/cleaned_anime_faces/Kuro Tetsuro/Kuro_Tetsuro_24.jpg,valid
1100,/home/vinayak/cleaned_anime_faces/Kuro Tetsuro/Kuro_Tetsuro_25_balancing.jpg,valid
1101,/home/vinayak/cleaned_anime_faces/Kuro Tetsuro/Kuro_Tetsuro_17.jpg,valid
1102,/home/vinayak/cleaned_anime_faces/Kuro Tetsuro/Kuro_Tetsuro_21.jpg,valid
1103,/home/vinayak/cleaned_anime_faces/Kuro Tetsuro/Kuro_Tetsuro_9.jpg,valid
1104,/home/vinayak/cleaned_anime_faces/Izumi Hashima/Izumi_Hashima_15_balancing.png,valid
1105,/home/vinayak/cleaned_anime_faces/Izumi Hashima/Izumi_Hashima_7.jpg,valid
1106,/home/vinayak/cleaned_anime_faces/Izumi Hashima/Izumi_Hashima_3_balancing.jpg,valid
1107,/home/vinayak/cleaned_anime_faces/Izumi Hashima/Izumi_Hashima_2.jpg,valid
1108,/home/vinayak/cleaned_anime_faces/Izumi Hashima/Izumi_Hashima_14.jpg,valid
1109,/home/vinayak/cleaned_anime_faces/Izumi Hashima/Izumi_Hashima_13.jpg,valid
