images,label
/home/vinayak/AnimeFaceDset/Megumi Kato/Megumi_Kato_29.jpg,train
/home/vinayak/AnimeFaceDset/Megumi Kato/Megumi_Kato_3.jpg,train
/home/vinayak/AnimeFaceDset/Megumi Kato/Megumi_Kato_30.jpg,train
/home/vinayak/AnimeFaceDset/Megumi Kato/Megumi_Kato_41.jpg,train
/home/vinayak/AnimeFaceDset/Megumi Kato/Megumi_Kato_33.png,train
/home/vinayak/AnimeFaceDset/Megumi Kato/Megumi_Kato_21.png,train
/home/vinayak/AnimeFaceDset/Megumi Kato/Megumi_Kato_7.jpg,train
/home/vinayak/AnimeFaceDset/Megumi Kato/Megumi_Kato_26.png,train
/home/vinayak/AnimeFaceDset/Megumi Kato/Megumi_Kato_4.jpg,train
/home/vinayak/AnimeFaceDset/Megumi Kato/Megumi_Kato_12.jpg,train
/home/vinayak/AnimeFaceDset/Megumi Kato/Megumi_Kato_1.jpg,train
/home/vinayak/AnimeFaceDset/Megumi Kato/Megumi_Kato_10.png,train
/home/vinayak/AnimeFaceDset/Megumi Kato/Megumi_Kato_47.jpg,train
/home/vinayak/AnimeFaceDset/Megumi Kato/Megumi_Kato_8.jpg,train
/home/vinayak/AnimeFaceDset/Megumi Kato/Megumi_Kato_17.jpg,train
/home/vinayak/AnimeFaceDset/Megumi Kato/Megumi_Kato_46.jpg,train
/home/vinayak/AnimeFaceDset/Megumi Kato/Megumi_Kato_23.jpg,train
/home/vinayak/AnimeFaceDset/Megumi Kato/Megumi_Kato_18.jpg,train
/home/vinayak/AnimeFaceDset/Megumi Kato/Megumi_Kato_13.png,train
/home/vinayak/AnimeFaceDset/Megumi Kato/Megumi_Kato_20.jpg,train
/home/vinayak/AnimeFaceDset/Megumi Kato/Megumi_Kato_28.jpg,train
/home/vinayak/AnimeFaceDset/Megumi Kato/Megumi_Kato_14.png,train
/home/vinayak/AnimeFaceDset/Megumi Kato/Megumi_Kato_2.png,train
/home/vinayak/AnimeFaceDset/Megumi Kato/Megumi_Kato_16.png,train
/home/vinayak/AnimeFaceDset/Seijuro Akashi/Seijuro_Akashi_32.jpg,train
/home/vinayak/AnimeFaceDset/Seijuro Akashi/Seijuro_Akashi_29.jpg,train
/home/vinayak/AnimeFaceDset/Seijuro Akashi/Seijuro_Akashi_37.jpg,train
/home/vinayak/AnimeFaceDset/Seijuro Akashi/Seijuro_Akashi_43.png,train
/home/vinayak/AnimeFaceDset/Seijuro Akashi/Seijuro_Akashi_5.jpg,train
/home/vinayak/AnimeFaceDset/Seijuro Akashi/Seijuro_Akashi_40.jpg,train
/home/vinayak/AnimeFaceDset/Seijuro Akashi/Seijuro_Akashi_13.png,train
/home/vinayak/AnimeFaceDset/Seijuro Akashi/Seijuro_Akashi_19.jpg,train
/home/vinayak/AnimeFaceDset/Seijuro Akashi/Seijuro_Akashi_2.jpg,train
/home/vinayak/AnimeFaceDset/Seijuro Akashi/Seijuro_Akashi_25.jpg,train
/home/vinayak/AnimeFaceDset/Seijuro Akashi/Seijuro_Akashi_21.png,train
/home/vinayak/AnimeFaceDset/Seijuro Akashi/Seijuro_Akashi_24.png,train
/home/vinayak/AnimeFaceDset/Seijuro Akashi/Seijuro_Akashi_38.png,train
/home/vinayak/AnimeFaceDset/Seijuro Akashi/Seijuro_Akashi_6.jpg,train
/home/vinayak/AnimeFaceDset/Seijuro Akashi/Seijuro_Akashi_4.jpg,train
/home/vinayak/AnimeFaceDset/Seijuro Akashi/Seijuro_Akashi_27.png,train
/home/vinayak/AnimeFaceDset/Seijuro Akashi/Seijuro_Akashi_16.png,train
/home/vinayak/AnimeFaceDset/Seijuro Akashi/Seijuro_Akashi_1.png,train
/home/vinayak/AnimeFaceDset/Seijuro Akashi/Seijuro_Akashi_22.jpg,train
/home/vinayak/AnimeFaceDset/Seijuro Akashi/Seijuro_Akashi_51.jpg,train
/home/vinayak/AnimeFaceDset/Seijuro Akashi/Seijuro_Akashi_23.jpg,train
/home/vinayak/AnimeFaceDset/Seijuro Akashi/Seijuro_Akashi_7.png,train
/home/vinayak/AnimeFaceDset/Seijuro Akashi/Seijuro_Akashi_18.png,train
/home/vinayak/AnimeFaceDset/Seijuro Akashi/Seijuro_Akashi_15.png,train
/home/vinayak/AnimeFaceDset/Michiru Hyodo/Michiru_Hyodo_13.png,train
/home/vinayak/AnimeFaceDset/Michiru Hyodo/Michiru_Hyodo_21_balancing.jpg,train
/home/vinayak/AnimeFaceDset/Michiru Hyodo/Michiru_Hyodo_10_balancing.jpg,train
/home/vinayak/AnimeFaceDset/Michiru Hyodo/Michiru_Hyodo_16.jpg,train
/home/vinayak/AnimeFaceDset/Michiru Hyodo/Michiru_Hyodo_10_balancing_balancing.jpg,train
/home/vinayak/AnimeFaceDset/Michiru Hyodo/Michiru_Hyodo_20_balancing.jpg,train
/home/vinayak/AnimeFaceDset/Michiru Hyodo/Michiru_Hyodo_1_second_balancing.jpg,train
/home/vinayak/AnimeFaceDset/Michiru Hyodo/Michiru_Hyodo_17_balancing.jpg,train
/home/vinayak/AnimeFaceDset/Michiru Hyodo/Michiru_Hyodo_28.jpg,train
/home/vinayak/AnimeFaceDset/Michiru Hyodo/Michiru_Hyodo_5_balancing.jpg,train
/home/vinayak/AnimeFaceDset/Michiru Hyodo/Michiru_Hyodo_26.jpg,train
/home/vinayak/AnimeFaceDset/Michiru Hyodo/Michiru_Hyodo_5.jpg,train
/home/vinayak/AnimeFaceDset/Michiru Hyodo/Michiru_Hyodo_23.jpg,train
/home/vinayak/AnimeFaceDset/Michiru Hyodo/Michiru_Hyodo_15_second_balancing.png,train
/home/vinayak/AnimeFaceDset/Michiru Hyodo/Michiru_Hyodo_11.jpg,train
/home/vinayak/AnimeFaceDset/Michiru Hyodo/Michiru_Hyodo_17.jpg,train
/home/vinayak/AnimeFaceDset/Michiru Hyodo/Michiru_Hyodo_6.png,train
/home/vinayak/AnimeFaceDset/Michiru Hyodo/Michiru_Hyodo_14.jpg,train
/home/vinayak/AnimeFaceDset/Michiru Hyodo/Michiru_Hyodo_10.jpg,train
/home/vinayak/AnimeFaceDset/Michiru Hyodo/Michiru_Hyodo_22.jpg,train
/home/vinayak/AnimeFaceDset/Michiru Hyodo/Michiru_Hyodo_3.jpg,train
/home/vinayak/AnimeFaceDset/Michiru Hyodo/Michiru_Hyodo_1.jpg,train
/home/vinayak/AnimeFaceDset/Michiru Hyodo/Michiru_Hyodo_18.jpg,train
/home/vinayak/AnimeFaceDset/Michiru Hyodo/Michiru_Hyodo_15_balancing.png,train
/home/vinayak/AnimeFaceDset/Totsuka Saika/Totsuka_Saika_43.jpg,train
/home/vinayak/AnimeFaceDset/Totsuka Saika/Totsuka_Saika_2.jpg,train
/home/vinayak/AnimeFaceDset/Totsuka Saika/Totsuka_Saika_7.png,train
/home/vinayak/AnimeFaceDset/Totsuka Saika/Totsuka_Saika_20.jpg,train
/home/vinayak/AnimeFaceDset/Totsuka Saika/Totsuka_Saika_13.jpg,train
/home/vinayak/AnimeFaceDset/Totsuka Saika/Totsuka_Saika_37.jpg,train
/home/vinayak/AnimeFaceDset/Totsuka Saika/Totsuka_Saika_47.jpg,train
/home/vinayak/AnimeFaceDset/Totsuka Saika/Totsuka_Saika_8.jpg,train
/home/vinayak/AnimeFaceDset/Totsuka Saika/Totsuka_Saika_26.png,train
/home/vinayak/AnimeFaceDset/Totsuka Saika/Totsuka_Saika_9.png,train
/home/vinayak/AnimeFaceDset/Totsuka Saika/Totsuka_Saika_4.jpg,train
/home/vinayak/AnimeFaceDset/Totsuka Saika/Totsuka_Saika_27.jpg,train
/home/vinayak/AnimeFaceDset/Totsuka Saika/Totsuka_Saika_21.jpg,train
/home/vinayak/AnimeFaceDset/Totsuka Saika/Totsuka_Saika_10_1.jpg,train
/home/vinayak/AnimeFaceDset/Totsuka Saika/Totsuka_Saika_24.jpg,train
/home/vinayak/AnimeFaceDset/Totsuka Saika/Totsuka_Saika_16.png,train
/home/vinayak/AnimeFaceDset/Totsuka Saika/Totsuka_Saika_11.jpg,train
/home/vinayak/AnimeFaceDset/Totsuka Saika/Totsuka_Saika_28.jpg,train
/home/vinayak/AnimeFaceDset/Totsuka Saika/Totsuka_Saika_10_2.jpg,train
/home/vinayak/AnimeFaceDset/Totsuka Saika/Totsuka_Saika_18.jpg,train
/home/vinayak/AnimeFaceDset/Totsuka Saika/Totsuka_Saika_34.jpg,train
/home/vinayak/AnimeFaceDset/Totsuka Saika/Totsuka_Saika_12.png,train
/home/vinayak/AnimeFaceDset/Totsuka Saika/Totsuka_Saika_10.jpg,train
/home/vinayak/AnimeFaceDset/Totsuka Saika/Totsuka_Saika_29.jpg,train
/home/vinayak/AnimeFaceDset/Satowa Hozuki/Satowa_Hozuki_43.jpg,train
/home/vinayak/AnimeFaceDset/Satowa Hozuki/Satowa_Hozuki_10.jpg,train
/home/vinayak/AnimeFaceDset/Satowa Hozuki/Satowa_Hozuki_37.jpg,train
/home/vinayak/AnimeFaceDset/Satowa Hozuki/Satowa_Hozuki_7.jpg,train
/home/vinayak/AnimeFaceDset/Satowa Hozuki/Satowa_Hozuki_30.jpg,train
/home/vinayak/AnimeFaceDset/Satowa Hozuki/Satowa_Hozuki_15.png,train
/home/vinayak/AnimeFaceDset/Satowa Hozuki/Satowa_Hozuki_50.jpg,train
/home/vinayak/AnimeFaceDset/Satowa Hozuki/Satowa_Hozuki_12.jpg,train
/home/vinayak/AnimeFaceDset/Satowa Hozuki/Satowa_Hozuki_5.jpg,train
/home/vinayak/AnimeFaceDset/Satowa Hozuki/Satowa_Hozuki_19.jpg,train
/home/vinayak/AnimeFaceDset/Satowa Hozuki/Satowa_Hozuki_28.jpg,train
/home/vinayak/AnimeFaceDset/Satowa Hozuki/Satowa_Hozuki_27.jpg,train
/home/vinayak/AnimeFaceDset/Satowa Hozuki/Satowa_Hozuki_16.jpg,train
/home/vinayak/AnimeFaceDset/Satowa Hozuki/Satowa_Hozuki_11.png,train
/home/vinayak/AnimeFaceDset/Satowa Hozuki/Satowa_Hozuki_25.jpg,train
/home/vinayak/AnimeFaceDset/Satowa Hozuki/Satowa_Hozuki_6.jpg,train
/home/vinayak/AnimeFaceDset/Satowa Hozuki/Satowa_Hozuki_14.jpg,train
/home/vinayak/AnimeFaceDset/Satowa Hozuki/Satowa_Hozuki_42.jpg,train
/home/vinayak/AnimeFaceDset/Satowa Hozuki/Satowa_Hozuki_18.jpg,train
/home/vinayak/AnimeFaceDset/Satowa Hozuki/Satowa_Hozuki_24.jpg,train
/home/vinayak/AnimeFaceDset/Satowa Hozuki/Satowa_Hozuki_21.jpg,train
/home/vinayak/AnimeFaceDset/Satowa Hozuki/Satowa_Hozuki_23.jpg,train
/home/vinayak/AnimeFaceDset/Satowa Hozuki/Satowa_Hozuki_29.png,train
/home/vinayak/AnimeFaceDset/Satowa Hozuki/Satowa_Hozuki_1.jpg,train
/home/vinayak/AnimeFaceDset/Narumi Momose/Narumi_Momose_16.jpg,train
/home/vinayak/AnimeFaceDset/Narumi Momose/Narumi_Momose_24.jpg,train
/home/vinayak/AnimeFaceDset/Narumi Momose/Narumi_Momose_44.jpg,train
/home/vinayak/AnimeFaceDset/Narumi Momose/Narumi_Momose_6.jpg,train
/home/vinayak/AnimeFaceDset/Narumi Momose/Narumi_Momose_13.jpg,train
/home/vinayak/AnimeFaceDset/Narumi Momose/Narumi_Momose_29.jpg,train
/home/vinayak/AnimeFaceDset/Narumi Momose/Narumi_Momose_46.jpg,train
/home/vinayak/AnimeFaceDset/Narumi Momose/Narumi_Momose_30.jpg,train
/home/vinayak/AnimeFaceDset/Narumi Momose/Narumi_Momose_20.png,train
/home/vinayak/AnimeFaceDset/Narumi Momose/Narumi_Momose_19_1.png,train
/home/vinayak/AnimeFaceDset/Narumi Momose/Narumi_Momose_41.jpg,train
/home/vinayak/AnimeFaceDset/Narumi Momose/Narumi_Momose_19.png,train
/home/vinayak/AnimeFaceDset/Narumi Momose/Narumi_Momose_2.jpg,train
/home/vinayak/AnimeFaceDset/Narumi Momose/Narumi_Momose_22.jpg,train
/home/vinayak/AnimeFaceDset/Narumi Momose/Narumi_Momose_34.png,train
/home/vinayak/AnimeFaceDset/Narumi Momose/Narumi_Momose_45.png,train
/home/vinayak/AnimeFaceDset/Narumi Momose/Narumi_Momose_28.jpg,train
/home/vinayak/AnimeFaceDset/Narumi Momose/Narumi_Momose_17.jpg,train
/home/vinayak/AnimeFaceDset/Narumi Momose/Narumi_Momose_32.jpg,train
/home/vinayak/AnimeFaceDset/Narumi Momose/Narumi_Momose_43.jpg,train
/home/vinayak/AnimeFaceDset/Narumi Momose/Narumi_Momose_9.jpg,train
/home/vinayak/AnimeFaceDset/Narumi Momose/Narumi_Momose_3.jpg,train
/home/vinayak/AnimeFaceDset/Narumi Momose/Narumi_Momose_1.png,train
/home/vinayak/AnimeFaceDset/Narumi Momose/Narumi_Momose_8.jpg,train
/home/vinayak/AnimeFaceDset/Kise Ryota/Kise_Ryota_8.jpg,train
/home/vinayak/AnimeFaceDset/Kise Ryota/Kise_Ryota_17.jpg,train
/home/vinayak/AnimeFaceDset/Kise Ryota/Kise_Ryota_22.jpg,train
/home/vinayak/AnimeFaceDset/Kise Ryota/Kise_Ryota_32.jpg,train
/home/vinayak/AnimeFaceDset/Kise Ryota/Kise_Ryota_37.jpg,train
/home/vinayak/AnimeFaceDset/Kise Ryota/Kise_Ryota_5.jpg,train
/home/vinayak/AnimeFaceDset/Kise Ryota/Kise_Ryota_42.jpg,train
/home/vinayak/AnimeFaceDset/Kise Ryota/Kise_Ryota_18.png,train
/home/vinayak/AnimeFaceDset/Kise Ryota/Kise_Ryota_12.jpg,train
/home/vinayak/AnimeFaceDset/Kise Ryota/Kise_Ryota_6.jpg,train
/home/vinayak/AnimeFaceDset/Kise Ryota/Kise_Ryota_26.jpg,train
/home/vinayak/AnimeFaceDset/Kise Ryota/Kise_Ryota_48.jpg,train
/home/vinayak/AnimeFaceDset/Kise Ryota/Kise_Ryota_36.jpg,train
/home/vinayak/AnimeFaceDset/Kise Ryota/Kise_Ryota_2.jpg,train
/home/vinayak/AnimeFaceDset/Kise Ryota/Kise_Ryota_11.jpg,train
/home/vinayak/AnimeFaceDset/Kise Ryota/Kise_Ryota_29.jpg,train
/home/vinayak/AnimeFaceDset/Kise Ryota/Kise_Ryota_30.jpg,train
/home/vinayak/AnimeFaceDset/Kise Ryota/Kise_Ryota_10.png,train
/home/vinayak/AnimeFaceDset/Kise Ryota/Kise_Ryota_28.png,train
/home/vinayak/AnimeFaceDset/Kise Ryota/Kise_Ryota_49.jpg,train
/home/vinayak/AnimeFaceDset/Kise Ryota/Kise_Ryota_14.jpg,train
/home/vinayak/AnimeFaceDset/Kise Ryota/Kise_Ryota_3.jpg,train
/home/vinayak/AnimeFaceDset/Kise Ryota/Kise_Ryota_7.jpg,train
/home/vinayak/AnimeFaceDset/Kise Ryota/Kise_Ryota_15.jpg,train
/home/vinayak/AnimeFaceDset/Ushijima Wakatoshi/Ushijima_Wakatoshi_8.jpg,train
/home/vinayak/AnimeFaceDset/Ushijima Wakatoshi/Ushijima_Wakatoshi_12.jpg,train
/home/vinayak/AnimeFaceDset/Ushijima Wakatoshi/Ushijima_Wakatoshi_1.jpg,train
/home/vinayak/AnimeFaceDset/Ushijima Wakatoshi/Ushijima_Wakatoshi_18.jpg,train
/home/vinayak/AnimeFaceDset/Ushijima Wakatoshi/Ushijima_Wakatoshi_20.jpg,train
/home/vinayak/AnimeFaceDset/Ushijima Wakatoshi/Ushijima_Wakatoshi_19.jpg,train
/home/vinayak/AnimeFaceDset/Ushijima Wakatoshi/Ushijima_Wakatoshi_20_3.jpg,train
/home/vinayak/AnimeFaceDset/Ushijima Wakatoshi/Ushijima_Wakatoshi_40_3.png,train
/home/vinayak/AnimeFaceDset/Ushijima Wakatoshi/Ushijima_Wakatoshi_30.jpg,train
/home/vinayak/AnimeFaceDset/Ushijima Wakatoshi/Ushijima_Wakatoshi_23.jpg,train
/home/vinayak/AnimeFaceDset/Ushijima Wakatoshi/Ushijima_Wakatoshi_21.jpg,train
/home/vinayak/AnimeFaceDset/Ushijima Wakatoshi/Ushijima_Wakatoshi_39.jpg,train
/home/vinayak/AnimeFaceDset/Ushijima Wakatoshi/Ushijima_Wakatoshi_5.jpg,train
/home/vinayak/AnimeFaceDset/Ushijima Wakatoshi/Ushijima_Wakatoshi_17.jpg,train
/home/vinayak/AnimeFaceDset/Ushijima Wakatoshi/Ushijima_Wakatoshi_25.jpg,train
/home/vinayak/AnimeFaceDset/Ushijima Wakatoshi/Ushijima_Wakatoshi_20_2.jpg,train
/home/vinayak/AnimeFaceDset/Ushijima Wakatoshi/Ushijima_Wakatoshi_13.jpg,train
/home/vinayak/AnimeFaceDset/Ushijima Wakatoshi/Ushijima_Wakatoshi_3.jpg,train
/home/vinayak/AnimeFaceDset/Ushijima Wakatoshi/Ushijima_Wakatoshi_24.png,train
/home/vinayak/AnimeFaceDset/Ushijima Wakatoshi/Ushijima_Wakatoshi_20_1.jpg,train
/home/vinayak/AnimeFaceDset/Ushijima Wakatoshi/Ushijima_Wakatoshi_16.png,train
/home/vinayak/AnimeFaceDset/Ushijima Wakatoshi/Ushijima_Wakatoshi_14_1.jpg,train
/home/vinayak/AnimeFaceDset/Ushijima Wakatoshi/Ushijima_Wakatoshi_4.jpg,train
/home/vinayak/AnimeFaceDset/Ushijima Wakatoshi/Ushijima_Wakatoshi_40_2.png,train
/home/vinayak/AnimeFaceDset/Arima Kousei/Arima_Kousei_28.jpg,train
/home/vinayak/AnimeFaceDset/Arima Kousei/Arima_Kousei_19.jpg,train
/home/vinayak/AnimeFaceDset/Arima Kousei/Arima_Kousei_18.jpg,train
/home/vinayak/AnimeFaceDset/Arima Kousei/Arima_Kousei_47.jpg,train
/home/vinayak/AnimeFaceDset/Arima Kousei/Arima_Kousei_24.jpg,train
/home/vinayak/AnimeFaceDset/Arima Kousei/Arima_Kousei_12.jpg,train
/home/vinayak/AnimeFaceDset/Arima Kousei/Arima_Kousei_30.jpg,train
/home/vinayak/AnimeFaceDset/Arima Kousei/Arima_Kousei_22.jpg,train
/home/vinayak/AnimeFaceDset/Arima Kousei/Arima_Kousei_16.jpg,train
/home/vinayak/AnimeFaceDset/Arima Kousei/Arima_Kousei_42.png,train
/home/vinayak/AnimeFaceDset/Arima Kousei/Arima_Kousei_6.jpg,train
/home/vinayak/AnimeFaceDset/Arima Kousei/Arima_Kousei_45.jpg,train
/home/vinayak/AnimeFaceDset/Arima Kousei/Arima_Kousei_11.jpg,train
/home/vinayak/AnimeFaceDset/Arima Kousei/Arima_Kousei_4.jpg,train
/home/vinayak/AnimeFaceDset/Arima Kousei/Arima_Kousei_25.jpg,train
/home/vinayak/AnimeFaceDset/Arima Kousei/Arima_Kousei_8.jpg,train
/home/vinayak/AnimeFaceDset/Arima Kousei/Arima_Kousei_2.png,train
/home/vinayak/AnimeFaceDset/Arima Kousei/Arima_Kousei_5_2.jpg,train
/home/vinayak/AnimeFaceDset/Arima Kousei/Arima_Kousei_14.jpg,train
/home/vinayak/AnimeFaceDset/Arima Kousei/Arima_Kousei_10.png,train
/home/vinayak/AnimeFaceDset/Arima Kousei/Arima_Kousei_21.jpg,train
/home/vinayak/AnimeFaceDset/Arima Kousei/Arima_Kousei_9.jpg,train
/home/vinayak/AnimeFaceDset/Arima Kousei/Arima_Kousei_1.jpg,train
/home/vinayak/AnimeFaceDset/Arima Kousei/Arima_Kousei_7.jpg,train
/home/vinayak/AnimeFaceDset/Kaori Miyazono/Kaori_Miyazono_4.png,train
/home/vinayak/AnimeFaceDset/Kaori Miyazono/Kaori_Miyazono_18.jpg,train
/home/vinayak/AnimeFaceDset/Kaori Miyazono/Kaori_Miyazono_19.jpg,train
/home/vinayak/AnimeFaceDset/Kaori Miyazono/Kaori_Miyazono_45.jpg,train
/home/vinayak/AnimeFaceDset/Kaori Miyazono/Kaori_Miyazono_46.jpg,train
/home/vinayak/AnimeFaceDset/Kaori Miyazono/Kaori_Miyazono_30.jpg,train
/home/vinayak/AnimeFaceDset/Kaori Miyazono/Kaori_Miyazono_3.jpg,train
/home/vinayak/AnimeFaceDset/Kaori Miyazono/Kaori_Miyazono_24.png,train
/home/vinayak/AnimeFaceDset/Kaori Miyazono/Kaori_Miyazono_13.jpg,train
/home/vinayak/AnimeFaceDset/Kaori Miyazono/Kaori_Miyazono_48.png,train
/home/vinayak/AnimeFaceDset/Kaori Miyazono/Kaori_Miyazono_1.jpg,train
/home/vinayak/AnimeFaceDset/Kaori Miyazono/Kaori_Miyazono_12.jpg,train
/home/vinayak/AnimeFaceDset/Kaori Miyazono/Kaori_Miyazono_17.jpg,train
/home/vinayak/AnimeFaceDset/Kaori Miyazono/Kaori_Miyazono_39.jpg,train
/home/vinayak/AnimeFaceDset/Kaori Miyazono/Kaori_Miyazono_11.png,train
/home/vinayak/AnimeFaceDset/Kaori Miyazono/Kaori_Miyazono_9.jpg,train
/home/vinayak/AnimeFaceDset/Kaori Miyazono/Kaori_Miyazono_6.jpg,train
/home/vinayak/AnimeFaceDset/Kaori Miyazono/Kaori_Miyazono_16.png,train
/home/vinayak/AnimeFaceDset/Kaori Miyazono/Kaori_Miyazono_8.png,train
/home/vinayak/AnimeFaceDset/Kaori Miyazono/Kaori_Miyazono_20.png,train
/home/vinayak/AnimeFaceDset/Kaori Miyazono/Kaori_Miyazono_10.jpg,train
/home/vinayak/AnimeFaceDset/Kaori Miyazono/Kaori_Miyazono_26.jpg,train
/home/vinayak/AnimeFaceDset/Kaori Miyazono/Kaori_Miyazono_29.png,train
/home/vinayak/AnimeFaceDset/Kaori Miyazono/Kaori_Miyazono_14.jpg,train
/home/vinayak/AnimeFaceDset/Midorima Shintaro/Midorima_Shintaro_39.jpg,train
/home/vinayak/AnimeFaceDset/Midorima Shintaro/Midorima_Shintaro_16.jpg,train
/home/vinayak/AnimeFaceDset/Midorima Shintaro/Midorima_Shintaro_26.jpg,train
/home/vinayak/AnimeFaceDset/Midorima Shintaro/Midorima_Shintaro_20.jpg,train
/home/vinayak/AnimeFaceDset/Midorima Shintaro/Midorima_Shintaro_13.jpg,train
/home/vinayak/AnimeFaceDset/Midorima Shintaro/Midorima_Shintaro_25.png,train
/home/vinayak/AnimeFaceDset/Midorima Shintaro/Midorima_Shintaro_17.png,train
/home/vinayak/AnimeFaceDset/Midorima Shintaro/Midorima_Shintaro_3.jpg,train
/home/vinayak/AnimeFaceDset/Midorima Shintaro/Midorima_Shintaro_19.jpg,train
/home/vinayak/AnimeFaceDset/Midorima Shintaro/Midorima_Shintaro_10.jpg,train
/home/vinayak/AnimeFaceDset/Midorima Shintaro/Midorima_Shintaro_24.jpg,train
/home/vinayak/AnimeFaceDset/Midorima Shintaro/Midorima_Shintaro_6.jpg,train
/home/vinayak/AnimeFaceDset/Midorima Shintaro/Midorima_Shintaro_32.png,train
/home/vinayak/AnimeFaceDset/Midorima Shintaro/Midorima_Shintaro_29.png,train
/home/vinayak/AnimeFaceDset/Midorima Shintaro/Midorima_Shintaro_9.png,train
/home/vinayak/AnimeFaceDset/Midorima Shintaro/Midorima_Shintaro_47.jpg,train
/home/vinayak/AnimeFaceDset/Midorima Shintaro/Midorima_Shintaro_23.jpg,train
/home/vinayak/AnimeFaceDset/Midorima Shintaro/Midorima_Shintaro_22.jpg,train
/home/vinayak/AnimeFaceDset/Midorima Shintaro/Midorima_Shintaro_42.jpg,train
/home/vinayak/AnimeFaceDset/Midorima Shintaro/Midorima_Shintaro_7.jpg,train
/home/vinayak/AnimeFaceDset/Midorima Shintaro/Midorima_Shintaro_27.png,train
/home/vinayak/AnimeFaceDset/Midorima Shintaro/Midorima_Shintaro_41.jpg,train
/home/vinayak/AnimeFaceDset/Midorima Shintaro/Midorima_Shintaro_11.png,train
/home/vinayak/AnimeFaceDset/Midorima Shintaro/Midorima_Shintaro_30.jpg,train
/home/vinayak/AnimeFaceDset/Utaha Kasumigaoka/Utaha_Kasumigaoka_8.jpg,train
/home/vinayak/AnimeFaceDset/Utaha Kasumigaoka/Utaha_Kasumigaoka_5.jpg,train
/home/vinayak/AnimeFaceDset/Utaha Kasumigaoka/Utaha_Kasumigaoka_3.jpg,train
/home/vinayak/AnimeFaceDset/Utaha Kasumigaoka/Utaha_Kasumigaoka_28.jpg,train
/home/vinayak/AnimeFaceDset/Utaha Kasumigaoka/Utaha_Kasumigaoka_30.jpg,train
/home/vinayak/AnimeFaceDset/Utaha Kasumigaoka/Utaha_Kasumigaoka_27.jpg,train
/home/vinayak/AnimeFaceDset/Utaha Kasumigaoka/Utaha_Kasumigaoka_2.jpg,train
/home/vinayak/AnimeFaceDset/Utaha Kasumigaoka/Utaha_Kasumigaoka_48.jpg,train
/home/vinayak/AnimeFaceDset/Utaha Kasumigaoka/Utaha_Kasumigaoka_25.png,train
/home/vinayak/AnimeFaceDset/Utaha Kasumigaoka/Utaha_Kasumigaoka_22.jpg,train
/home/vinayak/AnimeFaceDset/Utaha Kasumigaoka/Utaha_Kasumigaoka_1.jpg,train
/home/vinayak/AnimeFaceDset/Utaha Kasumigaoka/Utaha_Kasumigaoka_35.jpg,train
/home/vinayak/AnimeFaceDset/Utaha Kasumigaoka/Utaha_Kasumigaoka_21.jpg,train
/home/vinayak/AnimeFaceDset/Utaha Kasumigaoka/Utaha_Kasumigaoka_14.jpg,train
/home/vinayak/AnimeFaceDset/Utaha Kasumigaoka/Utaha_Kasumigaoka_23.jpg,train
/home/vinayak/AnimeFaceDset/Utaha Kasumigaoka/Utaha_Kasumigaoka_26.png,train
/home/vinayak/AnimeFaceDset/Utaha Kasumigaoka/Utaha_Kasumigaoka_9.jpg,train
/home/vinayak/AnimeFaceDset/Utaha Kasumigaoka/Utaha_Kasumigaoka_38.jpg,train
/home/vinayak/AnimeFaceDset/Utaha Kasumigaoka/Utaha_Kasumigaoka_11.jpg,train
/home/vinayak/AnimeFaceDset/Utaha Kasumigaoka/Utaha_Kasumigaoka_41.jpg,train
/home/vinayak/AnimeFaceDset/Utaha Kasumigaoka/Utaha_Kasumigaoka_33.png,train
/home/vinayak/AnimeFaceDset/Utaha Kasumigaoka/Utaha_Kasumigaoka_6.jpg,train
/home/vinayak/AnimeFaceDset/Utaha Kasumigaoka/Utaha_Kasumigaoka_17.jpg,train
/home/vinayak/AnimeFaceDset/Utaha Kasumigaoka/Utaha_Kasumigaoka_12.jpg,train
/home/vinayak/AnimeFaceDset/Ruka Sarashina/Ruka_Sarashina_23.jpg,train
/home/vinayak/AnimeFaceDset/Ruka Sarashina/Ruka_Sarashina_21.png,train
/home/vinayak/AnimeFaceDset/Ruka Sarashina/Ruka_Sarashina_27.jpg,train
/home/vinayak/AnimeFaceDset/Ruka Sarashina/Ruka_Sarashina_9.jpg,train
/home/vinayak/AnimeFaceDset/Ruka Sarashina/Ruka_Sarashina_25.jpg,train
/home/vinayak/AnimeFaceDset/Ruka Sarashina/Ruka_Sarashina_6_1.jpg,train
/home/vinayak/AnimeFaceDset/Ruka Sarashina/Ruka_Sarashina_15.jpg,train
/home/vinayak/AnimeFaceDset/Ruka Sarashina/Ruka_Sarashina_6_4.jpg,train
/home/vinayak/AnimeFaceDset/Ruka Sarashina/Ruka_Sarashina_6.jpg,train
/home/vinayak/AnimeFaceDset/Ruka Sarashina/Ruka_Sarashina_2.jpg,train
/home/vinayak/AnimeFaceDset/Ruka Sarashina/Ruka_Sarashina_8.jpg,train
/home/vinayak/AnimeFaceDset/Ruka Sarashina/Ruka_Sarashina_6_3.jpg,train
/home/vinayak/AnimeFaceDset/Ruka Sarashina/Ruka_Sarashina_50.jpg,train
/home/vinayak/AnimeFaceDset/Ruka Sarashina/Ruka_Sarashina_14.jpg,train
/home/vinayak/AnimeFaceDset/Ruka Sarashina/Ruka_Sarashina_7.png,train
/home/vinayak/AnimeFaceDset/Ruka Sarashina/Ruka_Sarashina_16.jpg,train
/home/vinayak/AnimeFaceDset/Ruka Sarashina/Ruka_Sarashina_11.jpg,train
/home/vinayak/AnimeFaceDset/Ruka Sarashina/Ruka_Sarashina_6_2.jpg,train
/home/vinayak/AnimeFaceDset/Ruka Sarashina/Ruka_Sarashina_29.jpg,train
/home/vinayak/AnimeFaceDset/Ruka Sarashina/Ruka_Sarashina_18.png,train
/home/vinayak/AnimeFaceDset/Ruka Sarashina/Ruka_Sarashina_1.jpg,train
/home/vinayak/AnimeFaceDset/Ruka Sarashina/Ruka_Sarashina_24.jpg,train
/home/vinayak/AnimeFaceDset/Ruka Sarashina/Ruka_Sarashina_4.jpg,train
/home/vinayak/AnimeFaceDset/Ruka Sarashina/Ruka_Sarashina_12.png,train
/home/vinayak/AnimeFaceDset/Kotaro Bokuto/Kotaro_Bokuto_22.png,train
/home/vinayak/AnimeFaceDset/Kotaro Bokuto/Kotaro_Bokuto_18.jpg,train
/home/vinayak/AnimeFaceDset/Kotaro Bokuto/Kotaro_Bokuto_7.jpg,train
/home/vinayak/AnimeFaceDset/Kotaro Bokuto/Kotaro_Bokuto_35_1.jpg,train
/home/vinayak/AnimeFaceDset/Kotaro Bokuto/Kotaro_Bokuto_35_2.jpg,train
/home/vinayak/AnimeFaceDset/Kotaro Bokuto/Kotaro_Bokuto_31.jpg,train
/home/vinayak/AnimeFaceDset/Kotaro Bokuto/Kotaro_Bokuto_10.jpg,train
/home/vinayak/AnimeFaceDset/Kotaro Bokuto/Kotaro_Bokuto_9.png,train
/home/vinayak/AnimeFaceDset/Kotaro Bokuto/Kotaro_Bokuto_47.jpg,train
/home/vinayak/AnimeFaceDset/Kotaro Bokuto/Kotaro_Bokuto_17.jpg,train
/home/vinayak/AnimeFaceDset/Kotaro Bokuto/Kotaro_Bokuto_4.jpg,train
/home/vinayak/AnimeFaceDset/Kotaro Bokuto/Kotaro_Bokuto_27.png,train
/home/vinayak/AnimeFaceDset/Kotaro Bokuto/Kotaro_Bokuto_14_1.jpg,train
/home/vinayak/AnimeFaceDset/Kotaro Bokuto/Kotaro_Bokuto_45.png,train
/home/vinayak/AnimeFaceDset/Kotaro Bokuto/Kotaro_Bokuto_28.jpg,train
/home/vinayak/AnimeFaceDset/Kotaro Bokuto/Kotaro_Bokuto_25.jpg,train
/home/vinayak/AnimeFaceDset/Kotaro Bokuto/Kotaro_Bokuto_5.jpg,train
/home/vinayak/AnimeFaceDset/Kotaro Bokuto/Kotaro_Bokuto_42.jpg,train
/home/vinayak/AnimeFaceDset/Kotaro Bokuto/Kotaro_Bokuto_2.jpg,train
/home/vinayak/AnimeFaceDset/Kotaro Bokuto/Kotaro_Bokuto_36.jpg,train
/home/vinayak/AnimeFaceDset/Kotaro Bokuto/Kotaro_Bokuto_49.jpg,train
/home/vinayak/AnimeFaceDset/Kotaro Bokuto/Kotaro_Bokuto_35.jpg,train
/home/vinayak/AnimeFaceDset/Kotaro Bokuto/Kotaro_Bokuto_13.jpg,train
/home/vinayak/AnimeFaceDset/Kotaro Bokuto/Kotaro_Bokuto_14.jpg,train
/home/vinayak/AnimeFaceDset/Sumi Sakurasawa/Sumi_Sakurasawa_47.jpg,train
/home/vinayak/AnimeFaceDset/Sumi Sakurasawa/Sumi_Sakurasawa_15.jpg,train
/home/vinayak/AnimeFaceDset/Sumi Sakurasawa/Sumi_Sakurasawa_40.jpg,train
/home/vinayak/AnimeFaceDset/Sumi Sakurasawa/Sumi_Sakurasawa_23.jpg,train
/home/vinayak/AnimeFaceDset/Sumi Sakurasawa/Sumi_Sakurasawa_12.jpg,train
/home/vinayak/AnimeFaceDset/Sumi Sakurasawa/Sumi_Sakurasawa_46.jpg,train
/home/vinayak/AnimeFaceDset/Sumi Sakurasawa/Sumi_Sakurasawa_3.jpg,train
/home/vinayak/AnimeFaceDset/Sumi Sakurasawa/Sumi_Sakurasawa_6.png,train
/home/vinayak/AnimeFaceDset/Sumi Sakurasawa/Sumi_Sakurasawa_26.jpg,train
/home/vinayak/AnimeFaceDset/Sumi Sakurasawa/Sumi_Sakurasawa_44.png,train
/home/vinayak/AnimeFaceDset/Sumi Sakurasawa/Sumi_Sakurasawa_21.png,train
/home/vinayak/AnimeFaceDset/Sumi Sakurasawa/Sumi_Sakurasawa_13.jpg,train
/home/vinayak/AnimeFaceDset/Sumi Sakurasawa/Sumi_Sakurasawa_4.jpg,train
/home/vinayak/AnimeFaceDset/Sumi Sakurasawa/Sumi_Sakurasawa_28.jpg,train
/home/vinayak/AnimeFaceDset/Sumi Sakurasawa/Sumi_Sakurasawa_24.jpg,train
/home/vinayak/AnimeFaceDset/Sumi Sakurasawa/Sumi_Sakurasawa_27.jpg,train
/home/vinayak/AnimeFaceDset/Sumi Sakurasawa/Sumi_Sakurasawa_5.png,train
/home/vinayak/AnimeFaceDset/Sumi Sakurasawa/Sumi_Sakurasawa_29.jpg,train
/home/vinayak/AnimeFaceDset/Sumi Sakurasawa/Sumi_Sakurasawa_9.jpg,train
/home/vinayak/AnimeFaceDset/Sumi Sakurasawa/Sumi_Sakurasawa_32.jpg,train
/home/vinayak/AnimeFaceDset/Sumi Sakurasawa/Sumi_Sakurasawa_17.jpg,train
/home/vinayak/AnimeFaceDset/Sumi Sakurasawa/Sumi_Sakurasawa_18.jpg,train
/home/vinayak/AnimeFaceDset/Sumi Sakurasawa/Sumi_Sakurasawa_20.png,train
/home/vinayak/AnimeFaceDset/Sumi Sakurasawa/Sumi_Sakurasawa_7.png,train
/home/vinayak/AnimeFaceDset/Eriri Spencer Sawamura/Eriri_Spencer_Sawamura_4.jpg,train
/home/vinayak/AnimeFaceDset/Eriri Spencer Sawamura/Eriri_Spencer_Sawamura_5.jpg,train
/home/vinayak/AnimeFaceDset/Eriri Spencer Sawamura/Eriri_Spencer_Sawamura_25.jpg,train
/home/vinayak/AnimeFaceDset/Eriri Spencer Sawamura/Eriri_Spencer_Sawamura_8.jpg,train
/home/vinayak/AnimeFaceDset/Eriri Spencer Sawamura/Eriri_Spencer_Sawamura_43.jpg,train
/home/vinayak/AnimeFaceDset/Eriri Spencer Sawamura/Eriri_Spencer_Sawamura_11.jpg,train
/home/vinayak/AnimeFaceDset/Eriri Spencer Sawamura/Eriri_Spencer_Sawamura_14.jpg,train
/home/vinayak/AnimeFaceDset/Eriri Spencer Sawamura/Eriri_Spencer_Sawamura_50.jpg,train
/home/vinayak/AnimeFaceDset/Eriri Spencer Sawamura/Eriri_Spencer_Sawamura_48.jpg,train
/home/vinayak/AnimeFaceDset/Eriri Spencer Sawamura/Eriri_Spencer_Sawamura_1.jpg,train
/home/vinayak/AnimeFaceDset/Eriri Spencer Sawamura/Eriri_Spencer_Sawamura_42.jpg,train
/home/vinayak/AnimeFaceDset/Eriri Spencer Sawamura/Eriri_Spencer_Sawamura_16.jpg,train
/home/vinayak/AnimeFaceDset/Eriri Spencer Sawamura/Eriri_Spencer_Sawamura_21.png,train
/home/vinayak/AnimeFaceDset/Eriri Spencer Sawamura/Eriri_Spencer_Sawamura_12.jpg,train
/home/vinayak/AnimeFaceDset/Eriri Spencer Sawamura/Eriri_Spencer_Sawamura_45.jpg,train
/home/vinayak/AnimeFaceDset/Eriri Spencer Sawamura/Eriri_Spencer_Sawamura_49.jpg,train
/home/vinayak/AnimeFaceDset/Eriri Spencer Sawamura/Eriri_Spencer_Sawamura_40.jpg,train
/home/vinayak/AnimeFaceDset/Eriri Spencer Sawamura/Eriri_Spencer_Sawamura_13.jpg,train
/home/vinayak/AnimeFaceDset/Eriri Spencer Sawamura/Eriri_Spencer_Sawamura_17.png,train
/home/vinayak/AnimeFaceDset/Eriri Spencer Sawamura/Eriri_Spencer_Sawamura_34.jpg,train
/home/vinayak/AnimeFaceDset/Eriri Spencer Sawamura/Eriri_Spencer_Sawamura_23.jpg,train
/home/vinayak/AnimeFaceDset/Eriri Spencer Sawamura/Eriri_Spencer_Sawamura_10.jpg,train
/home/vinayak/AnimeFaceDset/Eriri Spencer Sawamura/Eriri_Spencer_Sawamura_3.png,train
/home/vinayak/AnimeFaceDset/Eriri Spencer Sawamura/Eriri_Spencer_Sawamura_37.jpg,train
/home/vinayak/AnimeFaceDset/Aomine Daiki/Aomine_Daiki_6.png,train
/home/vinayak/AnimeFaceDset/Aomine Daiki/Aomine_Daiki_23.jpg,train
/home/vinayak/AnimeFaceDset/Aomine Daiki/Aomine_Daiki_9.jpg,train
/home/vinayak/AnimeFaceDset/Aomine Daiki/Aomine_Daiki_31.png,train
/home/vinayak/AnimeFaceDset/Aomine Daiki/Aomine_Daiki_25.png,train
/home/vinayak/AnimeFaceDset/Aomine Daiki/Aomine_Daiki_4.jpg,train
/home/vinayak/AnimeFaceDset/Aomine Daiki/Aomine_Daiki_16.png,train
/home/vinayak/AnimeFaceDset/Aomine Daiki/Aomine_Daiki_8.jpg,train
/home/vinayak/AnimeFaceDset/Aomine Daiki/Aomine_Daiki_15.png,train
/home/vinayak/AnimeFaceDset/Aomine Daiki/Aomine_Daiki_30.jpg,train
/home/vinayak/AnimeFaceDset/Aomine Daiki/Aomine_Daiki_29.png,train
/home/vinayak/AnimeFaceDset/Aomine Daiki/Aomine_Daiki_13.png,train
/home/vinayak/AnimeFaceDset/Aomine Daiki/Aomine_Daiki_33.jpg,train
/home/vinayak/AnimeFaceDset/Aomine Daiki/Aomine_Daiki_5.jpg,train
/home/vinayak/AnimeFaceDset/Aomine Daiki/Aomine_Daiki_14.jpg,train
/home/vinayak/AnimeFaceDset/Aomine Daiki/Aomine_Daiki_11.png,train
/home/vinayak/AnimeFaceDset/Aomine Daiki/Aomine_Daiki_17.jpg,train
/home/vinayak/AnimeFaceDset/Aomine Daiki/Aomine_Daiki_22.png,train
/home/vinayak/AnimeFaceDset/Aomine Daiki/Aomine_Daiki_7.jpg,train
/home/vinayak/AnimeFaceDset/Aomine Daiki/Aomine_Daiki_18.jpg,train
/home/vinayak/AnimeFaceDset/Aomine Daiki/Aomine_Daiki_26.jpg,train
/home/vinayak/AnimeFaceDset/Aomine Daiki/Aomine_Daiki_20.jpg,train
/home/vinayak/AnimeFaceDset/Aomine Daiki/Aomine_Daiki_45.jpg,train
/home/vinayak/AnimeFaceDset/Aomine Daiki/Aomine_Daiki_12.jpg,train
/home/vinayak/AnimeFaceDset/Mami Nanami/Mami_Nanami_44.jpg,train
/home/vinayak/AnimeFaceDset/Mami Nanami/Mami_Nanami_35.png,train
/home/vinayak/AnimeFaceDset/Mami Nanami/Mami_Nanami_25.jpg,train
/home/vinayak/AnimeFaceDset/Mami Nanami/Mami_Nanami_24.jpg,train
/home/vinayak/AnimeFaceDset/Mami Nanami/Mami_Nanami_13.jpg,train
/home/vinayak/AnimeFaceDset/Mami Nanami/Mami_Nanami_9.jpg,train
/home/vinayak/AnimeFaceDset/Mami Nanami/Mami_Nanami_42.jpg,train
/home/vinayak/AnimeFaceDset/Mami Nanami/Mami_Nanami_6.jpg,train
/home/vinayak/AnimeFaceDset/Mami Nanami/Mami_Nanami_5.jpg,train
/home/vinayak/AnimeFaceDset/Mami Nanami/Mami_Nanami_29.jpg,train
/home/vinayak/AnimeFaceDset/Mami Nanami/Mami_Nanami_11.png,train
/home/vinayak/AnimeFaceDset/Mami Nanami/Mami_Nanami_46.jpg,train
/home/vinayak/AnimeFaceDset/Mami Nanami/Mami_Nanami_8.jpg,train
/home/vinayak/AnimeFaceDset/Mami Nanami/Mami_Nanami_4.jpg,train
/home/vinayak/AnimeFaceDset/Mami Nanami/Mami_Nanami_2.jpg,train
/home/vinayak/AnimeFaceDset/Mami Nanami/Mami_Nanami_34.jpg,train
/home/vinayak/AnimeFaceDset/Mami Nanami/Mami_Nanami_14.jpg,train
/home/vinayak/AnimeFaceDset/Mami Nanami/Mami_Nanami_20.jpg,train
/home/vinayak/AnimeFaceDset/Mami Nanami/Mami_Nanami_21.png,train
/home/vinayak/AnimeFaceDset/Mami Nanami/Mami_Nanami_1.png,train
/home/vinayak/AnimeFaceDset/Mami Nanami/Mami_Nanami_22.jpg,train
/home/vinayak/AnimeFaceDset/Mami Nanami/Mami_Nanami_12.png,train
/home/vinayak/AnimeFaceDset/Mami Nanami/Mami_Nanami_26.jpg,train
/home/vinayak/AnimeFaceDset/Mami Nanami/Mami_Nanami_3.jpg,train
/home/vinayak/AnimeFaceDset/Tsubaki Sawabe/Tsubaki_Sawabe_7.jpg,train
/home/vinayak/AnimeFaceDset/Tsubaki Sawabe/Tsubaki_Sawabe_16.png,train
/home/vinayak/AnimeFaceDset/Tsubaki Sawabe/Tsubaki_Sawabe_47.jpg,train
/home/vinayak/AnimeFaceDset/Tsubaki Sawabe/Tsubaki_Sawabe_34.jpg,train
/home/vinayak/AnimeFaceDset/Tsubaki Sawabe/Tsubaki_Sawabe_27.jpg,train
/home/vinayak/AnimeFaceDset/Tsubaki Sawabe/Tsubaki_Sawabe_41.jpg,train
/home/vinayak/AnimeFaceDset/Tsubaki Sawabe/Tsubaki_Sawabe_19.jpg,train
/home/vinayak/AnimeFaceDset/Tsubaki Sawabe/Tsubaki_Sawabe_12.png,train
/home/vinayak/AnimeFaceDset/Tsubaki Sawabe/Tsubaki_Sawabe_1.png,train
/home/vinayak/AnimeFaceDset/Tsubaki Sawabe/Tsubaki_Sawabe_22.jpg,train
/home/vinayak/AnimeFaceDset/Tsubaki Sawabe/Tsubaki_Sawabe_18_2.jpg,train
/home/vinayak/AnimeFaceDset/Tsubaki Sawabe/Tsubaki_Sawabe_24.jpg,train
/home/vinayak/AnimeFaceDset/Tsubaki Sawabe/Tsubaki_Sawabe_18_1.jpg,train
/home/vinayak/AnimeFaceDset/Tsubaki Sawabe/Tsubaki_Sawabe_28.jpg,train
/home/vinayak/AnimeFaceDset/Tsubaki Sawabe/Tsubaki_Sawabe_29.jpg,train
/home/vinayak/AnimeFaceDset/Tsubaki Sawabe/Tsubaki_Sawabe_30.jpg,train
/home/vinayak/AnimeFaceDset/Tsubaki Sawabe/Tsubaki_Sawabe_26.jpg,train
/home/vinayak/AnimeFaceDset/Tsubaki Sawabe/Tsubaki_Sawabe_8.jpg,train
/home/vinayak/AnimeFaceDset/Tsubaki Sawabe/Tsubaki_Sawabe_43.png,train
/home/vinayak/AnimeFaceDset/Tsubaki Sawabe/Tsubaki_Sawabe_38.jpg,train
/home/vinayak/AnimeFaceDset/Tsubaki Sawabe/Tsubaki_Sawabe_15.png,train
/home/vinayak/AnimeFaceDset/Tsubaki Sawabe/Tsubaki_Sawabe_13.png,train
/home/vinayak/AnimeFaceDset/Tsubaki Sawabe/Tsubaki_Sawabe_31.jpg,train
/home/vinayak/AnimeFaceDset/Tsubaki Sawabe/Tsubaki_Sawabe_14.jpg,train
/home/vinayak/AnimeFaceDset/Hikigaya Hachiman/Hikigaya_Hachiman_12.jpg,train
/home/vinayak/AnimeFaceDset/Hikigaya Hachiman/Hikigaya_Hachiman_29.jpg,train
/home/vinayak/AnimeFaceDset/Hikigaya Hachiman/Hikigaya_Hachiman_6.jpg,train
/home/vinayak/AnimeFaceDset/Hikigaya Hachiman/Hikigaya_Hachiman_44.jpg,train
/home/vinayak/AnimeFaceDset/Hikigaya Hachiman/Hikigaya_Hachiman_22.jpg,train
/home/vinayak/AnimeFaceDset/Hikigaya Hachiman/Hikigaya_Hachiman_10.jpg,train
/home/vinayak/AnimeFaceDset/Hikigaya Hachiman/Hikigaya_Hachiman_25.png,train
/home/vinayak/AnimeFaceDset/Hikigaya Hachiman/Hikigaya_Hachiman_28.jpg,train
/home/vinayak/AnimeFaceDset/Hikigaya Hachiman/Hikigaya_Hachiman_17.jpg,train
/home/vinayak/AnimeFaceDset/Hikigaya Hachiman/Hikigaya_Hachiman_11.jpg,train
/home/vinayak/AnimeFaceDset/Hikigaya Hachiman/Hikigaya_Hachiman_23.jpg,train
/home/vinayak/AnimeFaceDset/Hikigaya Hachiman/Hikigaya_Hachiman_21_1.jpg,train
/home/vinayak/AnimeFaceDset/Hikigaya Hachiman/Hikigaya_Hachiman_8.jpg,train
/home/vinayak/AnimeFaceDset/Hikigaya Hachiman/Hikigaya_Hachiman_20.png,train
/home/vinayak/AnimeFaceDset/Hikigaya Hachiman/Hikigaya_Hachiman_36.jpg,train
/home/vinayak/AnimeFaceDset/Hikigaya Hachiman/Hikigaya_Hachiman_21.jpg,train
/home/vinayak/AnimeFaceDset/Hikigaya Hachiman/Hikigaya_Hachiman_18.jpg,train
/home/vinayak/AnimeFaceDset/Hikigaya Hachiman/Hikigaya_Hachiman_7.jpg,train
/home/vinayak/AnimeFaceDset/Hikigaya Hachiman/Hikigaya_Hachiman_4.jpg,train
/home/vinayak/AnimeFaceDset/Hikigaya Hachiman/Hikigaya_Hachiman_14.jpg,train
/home/vinayak/AnimeFaceDset/Hikigaya Hachiman/Hikigaya_Hachiman_46.jpg,train
/home/vinayak/AnimeFaceDset/Hikigaya Hachiman/Hikigaya_Hachiman_5.jpg,train
/home/vinayak/AnimeFaceDset/Hikigaya Hachiman/Hikigaya_Hachiman_7_1.jpg,train
/home/vinayak/AnimeFaceDset/Hikigaya Hachiman/Hikigaya_Hachiman_13.jpg,train
/home/vinayak/AnimeFaceDset/Kageyama Tobio/Kageyama_Tobio_14.png,train
/home/vinayak/AnimeFaceDset/Kageyama Tobio/Kageyama_Tobio_17.jpg,train
/home/vinayak/AnimeFaceDset/Kageyama Tobio/Kageyama_Tobio_16.jpg,train
/home/vinayak/AnimeFaceDset/Kageyama Tobio/Kageyama_Tobio_29.jpg,train
/home/vinayak/AnimeFaceDset/Kageyama Tobio/Kageyama_Tobio_15.jpg,train
/home/vinayak/AnimeFaceDset/Kageyama Tobio/Kageyama_Tobio_21.jpg,train
/home/vinayak/AnimeFaceDset/Kageyama Tobio/Kageyama_Tobio_5.jpg,train
/home/vinayak/AnimeFaceDset/Kageyama Tobio/Kageyama_Tobio_9.jpg,train
/home/vinayak/AnimeFaceDset/Kageyama Tobio/Kageyama_Tobio_23.png,train
/home/vinayak/AnimeFaceDset/Kageyama Tobio/Kageyama_Tobio_37.png,train
/home/vinayak/AnimeFaceDset/Kageyama Tobio/Kageyama_Tobio_30.png,train
/home/vinayak/AnimeFaceDset/Kageyama Tobio/Kageyama_Tobio_44.jpg,train
/home/vinayak/AnimeFaceDset/Kageyama Tobio/Kageyama_Tobio_6.jpg,train
/home/vinayak/AnimeFaceDset/Kageyama Tobio/Kageyama_Tobio_10.jpg,train
/home/vinayak/AnimeFaceDset/Kageyama Tobio/Kageyama_Tobio_7.jpg,train
/home/vinayak/AnimeFaceDset/Kageyama Tobio/Kageyama_Tobio_20.jpg,train
/home/vinayak/AnimeFaceDset/Kageyama Tobio/Kageyama_Tobio_13.jpg,train
/home/vinayak/AnimeFaceDset/Kageyama Tobio/Kageyama_Tobio_24.png,train
/home/vinayak/AnimeFaceDset/Kageyama Tobio/Kageyama_Tobio_35.png,train
/home/vinayak/AnimeFaceDset/Kageyama Tobio/Kageyama_Tobio_12.jpg,train
/home/vinayak/AnimeFaceDset/Kageyama Tobio/Kageyama_Tobio_18.jpg,train
/home/vinayak/AnimeFaceDset/Kageyama Tobio/Kageyama_Tobio_3.jpg,train
/home/vinayak/AnimeFaceDset/Kageyama Tobio/Kageyama_Tobio_25.jpg,train
/home/vinayak/AnimeFaceDset/Kageyama Tobio/Kageyama_Tobio_28.jpg,train
/home/vinayak/AnimeFaceDset/Hinata Shoyo/Hinata_Shoyo_12.jpg,train
/home/vinayak/AnimeFaceDset/Hinata Shoyo/Hinata_Shoyo_13.jpg,train
/home/vinayak/AnimeFaceDset/Hinata Shoyo/Hinata_Shoyo_46.png,train
/home/vinayak/AnimeFaceDset/Hinata Shoyo/Hinata_Shoyo_26.jpg,train
/home/vinayak/AnimeFaceDset/Hinata Shoyo/Hinata_Shoyo_6.png,train
/home/vinayak/AnimeFaceDset/Hinata Shoyo/Hinata_Shoyo_27.png,train
/home/vinayak/AnimeFaceDset/Hinata Shoyo/Hinata_Shoyo_11.png,train
/home/vinayak/AnimeFaceDset/Hinata Shoyo/Hinata_Shoyo_38.jpg,train
/home/vinayak/AnimeFaceDset/Hinata Shoyo/Hinata_Shoyo_40.png,train
/home/vinayak/AnimeFaceDset/Hinata Shoyo/Hinata_Shoyo_17.jpg,train
/home/vinayak/AnimeFaceDset/Hinata Shoyo/Hinata_Shoyo_32.png,train
/home/vinayak/AnimeFaceDset/Hinata Shoyo/Hinata_Shoyo_23.png,train
/home/vinayak/AnimeFaceDset/Hinata Shoyo/Hinata_Shoyo_21.jpg,train
/home/vinayak/AnimeFaceDset/Hinata Shoyo/Hinata_Shoyo_7.jpg,train
/home/vinayak/AnimeFaceDset/Hinata Shoyo/Hinata_Shoyo_42.jpg,train
/home/vinayak/AnimeFaceDset/Hinata Shoyo/Hinata_Shoyo_14.jpg,train
/home/vinayak/AnimeFaceDset/Hinata Shoyo/Hinata_Shoyo_50.jpg,train
/home/vinayak/AnimeFaceDset/Hinata Shoyo/Hinata_Shoyo_41.jpg,train
/home/vinayak/AnimeFaceDset/Hinata Shoyo/Hinata_Shoyo_22.jpg,train
/home/vinayak/AnimeFaceDset/Hinata Shoyo/Hinata_Shoyo_19.png,train
/home/vinayak/AnimeFaceDset/Hinata Shoyo/Hinata_Shoyo_18.png,train
/home/vinayak/AnimeFaceDset/Hinata Shoyo/Hinata_Shoyo_28.png,train
/home/vinayak/AnimeFaceDset/Hinata Shoyo/Hinata_Shoyo_44.png,train
/home/vinayak/AnimeFaceDset/Hinata Shoyo/Hinata_Shoyo_16.jpg,train
/home/vinayak/AnimeFaceDset/Kiyotaka Ayanokoji/Kiyotaka_Ayanokoji_13.jpg,train
/home/vinayak/AnimeFaceDset/Kiyotaka Ayanokoji/Kiyotaka_Ayanokoji_29.jpg,train
/home/vinayak/AnimeFaceDset/Kiyotaka Ayanokoji/Kiyotaka_Ayanokoji_1.jpg,train
/home/vinayak/AnimeFaceDset/Kiyotaka Ayanokoji/Kiyotaka_Ayanokoji_47.jpg,train
/home/vinayak/AnimeFaceDset/Kiyotaka Ayanokoji/Kiyotaka_Ayanokoji_14.jpg,train
/home/vinayak/AnimeFaceDset/Kiyotaka Ayanokoji/Kiyotaka_Ayanokoji_7.jpg,train
/home/vinayak/AnimeFaceDset/Kiyotaka Ayanokoji/Kiyotaka_Ayanokoji_4.jpg,train
/home/vinayak/AnimeFaceDset/Kiyotaka Ayanokoji/Kiyotaka_Ayanokoji_11.jpg,train
/home/vinayak/AnimeFaceDset/Kiyotaka Ayanokoji/Kiyotaka_Ayanokoji_41.jpg,train
/home/vinayak/AnimeFaceDset/Kiyotaka Ayanokoji/Kiyotaka_Ayanokoji_25.jpg,train
/home/vinayak/AnimeFaceDset/Kiyotaka Ayanokoji/Kiyotaka_Ayanokoji_20.jpg,train
/home/vinayak/AnimeFaceDset/Kiyotaka Ayanokoji/Kiyotaka_Ayanokoji_45.jpg,train
/home/vinayak/AnimeFaceDset/Kiyotaka Ayanokoji/Kiyotaka_Ayanokoji_17.png,train
/home/vinayak/AnimeFaceDset/Kiyotaka Ayanokoji/Kiyotaka_Ayanokoji_16.jpg,train
/home/vinayak/AnimeFaceDset/Kiyotaka Ayanokoji/Kiyotaka_Ayanokoji_5.jpg,train
/home/vinayak/AnimeFaceDset/Kiyotaka Ayanokoji/Kiyotaka_Ayanokoji_21.jpg,train
/home/vinayak/AnimeFaceDset/Kiyotaka Ayanokoji/Kiyotaka_Ayanokoji_8.png,train
/home/vinayak/AnimeFaceDset/Kiyotaka Ayanokoji/Kiyotaka_Ayanokoji_42.jpg,train
/home/vinayak/AnimeFaceDset/Kiyotaka Ayanokoji/Kiyotaka_Ayanokoji_39.jpg,train
/home/vinayak/AnimeFaceDset/Kiyotaka Ayanokoji/Kiyotaka_Ayanokoji_10.jpg,train
/home/vinayak/AnimeFaceDset/Kiyotaka Ayanokoji/Kiyotaka_Ayanokoji_26.jpg,train
/home/vinayak/AnimeFaceDset/Kiyotaka Ayanokoji/Kiyotaka_Ayanokoji_23.jpg,train
/home/vinayak/AnimeFaceDset/Kiyotaka Ayanokoji/Kiyotaka_Ayanokoji_49.jpg,train
/home/vinayak/AnimeFaceDset/Kiyotaka Ayanokoji/Kiyotaka_Ayanokoji_33.jpg,train
/home/vinayak/AnimeFaceDset/Kuroko Tetsuya/Kuroko_Tetsuya_18.png,train
/home/vinayak/AnimeFaceDset/Kuroko Tetsuya/Kuroko_Tetsuya_2.jpg,train
/home/vinayak/AnimeFaceDset/Kuroko Tetsuya/Kuroko_Tetsuya_31.jpg,train
/home/vinayak/AnimeFaceDset/Kuroko Tetsuya/Kuroko_Tetsuya_1.png,train
/home/vinayak/AnimeFaceDset/Kuroko Tetsuya/Kuroko_Tetsuya_3.jpg,train
/home/vinayak/AnimeFaceDset/Kuroko Tetsuya/Kuroko_Tetsuya_43.jpg,train
/home/vinayak/AnimeFaceDset/Kuroko Tetsuya/Kuroko_Tetsuya_11.png,train
/home/vinayak/AnimeFaceDset/Kuroko Tetsuya/Kuroko_Tetsuya_20.png,train
/home/vinayak/AnimeFaceDset/Kuroko Tetsuya/Kuroko_Tetsuya_6.jpg,train
/home/vinayak/AnimeFaceDset/Kuroko Tetsuya/Kuroko_Tetsuya_16.jpg,train
/home/vinayak/AnimeFaceDset/Kuroko Tetsuya/Kuroko_Tetsuya_14.jpg,train
/home/vinayak/AnimeFaceDset/Kuroko Tetsuya/Kuroko_Tetsuya_27.jpg,train
/home/vinayak/AnimeFaceDset/Kuroko Tetsuya/Kuroko_Tetsuya_22.png,train
/home/vinayak/AnimeFaceDset/Kuroko Tetsuya/Kuroko_Tetsuya_21.png,train
/home/vinayak/AnimeFaceDset/Kuroko Tetsuya/Kuroko_Tetsuya_26.jpg,train
/home/vinayak/AnimeFaceDset/Kuroko Tetsuya/Kuroko_Tetsuya_9.jpg,train
/home/vinayak/AnimeFaceDset/Kuroko Tetsuya/Kuroko_Tetsuya_8.jpg,train
/home/vinayak/AnimeFaceDset/Kuroko Tetsuya/Kuroko_Tetsuya_10.jpg,train
/home/vinayak/AnimeFaceDset/Kuroko Tetsuya/Kuroko_Tetsuya_15.jpg,train
/home/vinayak/AnimeFaceDset/Kuroko Tetsuya/Kuroko_Tetsuya_25.png,train
/home/vinayak/AnimeFaceDset/Kuroko Tetsuya/Kuroko_Tetsuya_19.jpg,train
/home/vinayak/AnimeFaceDset/Kuroko Tetsuya/Kuroko_Tetsuya_7.png,train
/home/vinayak/AnimeFaceDset/Kuroko Tetsuya/Kuroko_Tetsuya_30.jpg,train
/home/vinayak/AnimeFaceDset/Kuroko Tetsuya/Kuroko_Tetsuya_28.jpg,train
/home/vinayak/AnimeFaceDset/Jinta Yadomi/Jinta_Yadomi_19.jpg,train
/home/vinayak/AnimeFaceDset/Jinta Yadomi/Jinta_Yadomi_14.jpg,train
/home/vinayak/AnimeFaceDset/Jinta Yadomi/Jinta_Yadomi_31.jpg,train
/home/vinayak/AnimeFaceDset/Jinta Yadomi/Jinta_Yadomi_23.jpg,train
/home/vinayak/AnimeFaceDset/Jinta Yadomi/Jinta_Yadomi_17.jpg,train
/home/vinayak/AnimeFaceDset/Jinta Yadomi/Jinta_Yadomi_26.jpg,train
/home/vinayak/AnimeFaceDset/Jinta Yadomi/Jinta_Yadomi_4.png,train
/home/vinayak/AnimeFaceDset/Jinta Yadomi/Jinta_Yadomi_24.png,train
/home/vinayak/AnimeFaceDset/Jinta Yadomi/Jinta_Yadomi_5.png,train
/home/vinayak/AnimeFaceDset/Jinta Yadomi/Jinta_Yadomi_47.jpg,train
/home/vinayak/AnimeFaceDset/Jinta Yadomi/Jinta_Yadomi_27.jpg,train
/home/vinayak/AnimeFaceDset/Jinta Yadomi/Jinta_Yadomi_15.jpg,train
/home/vinayak/AnimeFaceDset/Jinta Yadomi/Jinta_Yadomi_18.jpg,train
/home/vinayak/AnimeFaceDset/Jinta Yadomi/Jinta_Yadomi_3.jpg,train
/home/vinayak/AnimeFaceDset/Jinta Yadomi/Jinta_Yadomi_38.jpg,train
/home/vinayak/AnimeFaceDset/Jinta Yadomi/Jinta_Yadomi_10.jpg,train
/home/vinayak/AnimeFaceDset/Jinta Yadomi/Jinta_Yadomi_21.jpg,train
/home/vinayak/AnimeFaceDset/Jinta Yadomi/Jinta_Yadomi_29.jpg,train
/home/vinayak/AnimeFaceDset/Jinta Yadomi/Jinta_Yadomi_12.jpg,train
/home/vinayak/AnimeFaceDset/Jinta Yadomi/Jinta_Yadomi_8.jpg,train
/home/vinayak/AnimeFaceDset/Jinta Yadomi/Jinta_Yadomi_7.png,train
/home/vinayak/AnimeFaceDset/Jinta Yadomi/Jinta_Yadomi_2.jpg,train
/home/vinayak/AnimeFaceDset/Jinta Yadomi/Jinta_Yadomi_41.jpg,train
/home/vinayak/AnimeFaceDset/Jinta Yadomi/Jinta_Yadomi_50.jpg,train
/home/vinayak/AnimeFaceDset/Kikyou Kushida/Kikyou_Kushida_13.jpg,train
/home/vinayak/AnimeFaceDset/Kikyou Kushida/Kikyou_Kushida_8.jpg,train
/home/vinayak/AnimeFaceDset/Kikyou Kushida/Kikyou_Kushida_50.jpg,train
/home/vinayak/AnimeFaceDset/Kikyou Kushida/Kikyou_Kushida_17.jpg,train
/home/vinayak/AnimeFaceDset/Kikyou Kushida/Kikyou_Kushida_33.jpg,train
/home/vinayak/AnimeFaceDset/Kikyou Kushida/Kikyou_Kushida_42.jpg,train
/home/vinayak/AnimeFaceDset/Kikyou Kushida/Kikyou_Kushida_6_4.png,train
/home/vinayak/AnimeFaceDset/Kikyou Kushida/Kikyou_Kushida_20.jpg,train
/home/vinayak/AnimeFaceDset/Kikyou Kushida/Kikyou_Kushida_18.jpg,train
/home/vinayak/AnimeFaceDset/Kikyou Kushida/Kikyou_Kushida_25.jpg,train
/home/vinayak/AnimeFaceDset/Kikyou Kushida/Kikyou_Kushida_46.jpg,train
/home/vinayak/AnimeFaceDset/Kikyou Kushida/Kikyou_Kushida_36.jpg,train
/home/vinayak/AnimeFaceDset/Kikyou Kushida/Kikyou_Kushida_5.png,train
/home/vinayak/AnimeFaceDset/Kikyou Kushida/Kikyou_Kushida_21.jpg,train
/home/vinayak/AnimeFaceDset/Kikyou Kushida/Kikyou_Kushida_6_1.png,train
/home/vinayak/AnimeFaceDset/Kikyou Kushida/Kikyou_Kushida_24.jpg,train
/home/vinayak/AnimeFaceDset/Kikyou Kushida/Kikyou_Kushida_10.jpg,train
/home/vinayak/AnimeFaceDset/Kikyou Kushida/Kikyou_Kushida_6.png,train
/home/vinayak/AnimeFaceDset/Kikyou Kushida/Kikyou_Kushida_28.png,train
/home/vinayak/AnimeFaceDset/Kikyou Kushida/Kikyou_Kushida_15.jpg,train
/home/vinayak/AnimeFaceDset/Kikyou Kushida/Kikyou_Kushida_1.png,train
/home/vinayak/AnimeFaceDset/Kikyou Kushida/Kikyou_Kushida_9.jpg,train
/home/vinayak/AnimeFaceDset/Kikyou Kushida/Kikyou_Kushida_23.jpg,train
/home/vinayak/AnimeFaceDset/Kikyou Kushida/Kikyou_Kushida_14.jpg,train
/home/vinayak/AnimeFaceDset/Tomoya Aki/Tomoya_Aki_1.jpg,train
/home/vinayak/AnimeFaceDset/Tomoya Aki/Tomoya_Aki_4.jpg,train
/home/vinayak/AnimeFaceDset/Tomoya Aki/Tomoya_Aki_31.jpg,train
/home/vinayak/AnimeFaceDset/Tomoya Aki/Tomoya_Aki_20.jpg,train
/home/vinayak/AnimeFaceDset/Tomoya Aki/Tomoya_Aki_6.jpg,train
/home/vinayak/AnimeFaceDset/Tomoya Aki/Tomoya_Aki_22.jpg,train
/home/vinayak/AnimeFaceDset/Tomoya Aki/Tomoya_Aki_8.jpg,train
/home/vinayak/AnimeFaceDset/Tomoya Aki/Tomoya_Aki_17.png,train
/home/vinayak/AnimeFaceDset/Tomoya Aki/Tomoya_Aki_15.jpg,train
/home/vinayak/AnimeFaceDset/Tomoya Aki/Tomoya_Aki_30.jpg,train
/home/vinayak/AnimeFaceDset/Tomoya Aki/Tomoya_Aki_5.jpg,train
/home/vinayak/AnimeFaceDset/Tomoya Aki/Tomoya_Aki_7.jpg,train
/home/vinayak/AnimeFaceDset/Tomoya Aki/Tomoya_Aki_12.png,train
/home/vinayak/AnimeFaceDset/Tomoya Aki/Tomoya_Aki_26.jpg,train
/home/vinayak/AnimeFaceDset/Tomoya Aki/Tomoya_Aki_23.png,train
/home/vinayak/AnimeFaceDset/Tomoya Aki/Tomoya_Aki_49.jpg,train
/home/vinayak/AnimeFaceDset/Tomoya Aki/Tomoya_Aki_21.jpg,train
/home/vinayak/AnimeFaceDset/Tomoya Aki/Tomoya_Aki_24.jpg,train
/home/vinayak/AnimeFaceDset/Tomoya Aki/Tomoya_Aki_9.jpg,train
/home/vinayak/AnimeFaceDset/Tomoya Aki/Tomoya_Aki_13.jpg,train
/home/vinayak/AnimeFaceDset/Tomoya Aki/Tomoya_Aki_16.jpg,train
/home/vinayak/AnimeFaceDset/Tomoya Aki/Tomoya_Aki_2.jpg,train
/home/vinayak/AnimeFaceDset/Tomoya Aki/Tomoya_Aki_48.jpg,train
/home/vinayak/AnimeFaceDset/Tomoya Aki/Tomoya_Aki_14.jpg,train
/home/vinayak/AnimeFaceDset/Nagisa Furukawa/Nagisa_Furukawa_30.jpg,train
/home/vinayak/AnimeFaceDset/Nagisa Furukawa/Nagisa_Furukawa_27.jpg,train
/home/vinayak/AnimeFaceDset/Nagisa Furukawa/Nagisa_Furukawa_2.jpg,train
/home/vinayak/AnimeFaceDset/Nagisa Furukawa/Nagisa_Furukawa_4.jpg,train
/home/vinayak/AnimeFaceDset/Nagisa Furukawa/Nagisa_Furukawa_26.jpg,train
/home/vinayak/AnimeFaceDset/Nagisa Furukawa/Nagisa_Furukawa_24.jpg,train
/home/vinayak/AnimeFaceDset/Nagisa Furukawa/Nagisa_Furukawa_9.jpg,train
/home/vinayak/AnimeFaceDset/Nagisa Furukawa/Nagisa_Furukawa_46.jpg,train
/home/vinayak/AnimeFaceDset/Nagisa Furukawa/Nagisa_Furukawa_5.jpg,train
/home/vinayak/AnimeFaceDset/Nagisa Furukawa/Nagisa_Furukawa_14.jpg,train
/home/vinayak/AnimeFaceDset/Nagisa Furukawa/Nagisa_Furukawa_20.png,train
/home/vinayak/AnimeFaceDset/Nagisa Furukawa/Nagisa_Furukawa_13.jpg,train
/home/vinayak/AnimeFaceDset/Nagisa Furukawa/Nagisa_Furukawa_10.jpg,train
/home/vinayak/AnimeFaceDset/Nagisa Furukawa/Nagisa_Furukawa_22.jpg,train
/home/vinayak/AnimeFaceDset/Nagisa Furukawa/Nagisa_Furukawa_11.jpg,train
/home/vinayak/AnimeFaceDset/Nagisa Furukawa/Nagisa_Furukawa_19.jpg,train
/home/vinayak/AnimeFaceDset/Nagisa Furukawa/Nagisa_Furukawa_28.jpg,train
/home/vinayak/AnimeFaceDset/Nagisa Furukawa/Nagisa_Furukawa_3.jpg,train
/home/vinayak/AnimeFaceDset/Nagisa Furukawa/Nagisa_Furukawa_15.png,train
/home/vinayak/AnimeFaceDset/Nagisa Furukawa/Nagisa_Furukawa_47.jpg,train
/home/vinayak/AnimeFaceDset/Nagisa Furukawa/Nagisa_Furukawa_17.jpg,train
/home/vinayak/AnimeFaceDset/Nagisa Furukawa/Nagisa_Furukawa_25.jpg,train
/home/vinayak/AnimeFaceDset/Nagisa Furukawa/Nagisa_Furukawa_44.jpg,train
/home/vinayak/AnimeFaceDset/Nagisa Furukawa/Nagisa_Furukawa_8.jpg,train
/home/vinayak/AnimeFaceDset/Chizuru Mizuhara/Chizuru_Mizuhara_3.jpg,train
/home/vinayak/AnimeFaceDset/Chizuru Mizuhara/Chizuru_Mizuhara_29.jpg,train
/home/vinayak/AnimeFaceDset/Chizuru Mizuhara/Chizuru_Mizuhara_22.jpg,train
/home/vinayak/AnimeFaceDset/Chizuru Mizuhara/Chizuru_Mizuhara_12.jpg,train
/home/vinayak/AnimeFaceDset/Chizuru Mizuhara/Chizuru_Mizuhara_28.jpg,train
/home/vinayak/AnimeFaceDset/Chizuru Mizuhara/Chizuru_Mizuhara_25.png,train
/home/vinayak/AnimeFaceDset/Chizuru Mizuhara/Chizuru_Mizuhara_7.png,train
/home/vinayak/AnimeFaceDset/Chizuru Mizuhara/Chizuru_Mizuhara_30.png,train
/home/vinayak/AnimeFaceDset/Chizuru Mizuhara/Chizuru_Mizuhara_17.jpg,train
/home/vinayak/AnimeFaceDset/Chizuru Mizuhara/Chizuru_Mizuhara_33.jpg,train
/home/vinayak/AnimeFaceDset/Chizuru Mizuhara/Chizuru_Mizuhara_19.png,train
/home/vinayak/AnimeFaceDset/Chizuru Mizuhara/Chizuru_Mizuhara_38.jpg,train
/home/vinayak/AnimeFaceDset/Chizuru Mizuhara/Chizuru_Mizuhara_40.png,train
/home/vinayak/AnimeFaceDset/Chizuru Mizuhara/Chizuru_Mizuhara_2.jpg,train
/home/vinayak/AnimeFaceDset/Chizuru Mizuhara/Chizuru_Mizuhara_34.png,train
/home/vinayak/AnimeFaceDset/Chizuru Mizuhara/Chizuru_Mizuhara_23.png,train
/home/vinayak/AnimeFaceDset/Chizuru Mizuhara/Chizuru_Mizuhara_16.jpg,train
/home/vinayak/AnimeFaceDset/Chizuru Mizuhara/Chizuru_Mizuhara_31.jpg,train
/home/vinayak/AnimeFaceDset/Chizuru Mizuhara/Chizuru_Mizuhara_11.jpg,train
/home/vinayak/AnimeFaceDset/Chizuru Mizuhara/Chizuru_Mizuhara_27.jpg,train
/home/vinayak/AnimeFaceDset/Chizuru Mizuhara/Chizuru_Mizuhara_6.jpg,train
/home/vinayak/AnimeFaceDset/Chizuru Mizuhara/Chizuru_Mizuhara_5_1.jpg,train
/home/vinayak/AnimeFaceDset/Chizuru Mizuhara/Chizuru_Mizuhara_43.jpg,train
/home/vinayak/AnimeFaceDset/Chizuru Mizuhara/Chizuru_Mizuhara_18.jpg,train
/home/vinayak/AnimeFaceDset/Miya Atsumu/Miya_Atsumu_16.jpg,train
/home/vinayak/AnimeFaceDset/Miya Atsumu/Miya_Atsumu_34.jpg,train
/home/vinayak/AnimeFaceDset/Miya Atsumu/Miya_Atsumu_12.jpg,train
/home/vinayak/AnimeFaceDset/Miya Atsumu/Miya_Atsumu_48.png,train
/home/vinayak/AnimeFaceDset/Miya Atsumu/Miya_Atsumu_12_2.jpg,train
/home/vinayak/AnimeFaceDset/Miya Atsumu/Miya_Atsumu_15.jpg,train
/home/vinayak/AnimeFaceDset/Miya Atsumu/Miya_Atsumu_41.jpg,train
/home/vinayak/AnimeFaceDset/Miya Atsumu/Miya_Atsumu_27.jpg,train
/home/vinayak/AnimeFaceDset/Miya Atsumu/Miya_Atsumu_20.jpg,train
/home/vinayak/AnimeFaceDset/Miya Atsumu/Miya_Atsumu_14.jpg,train
/home/vinayak/AnimeFaceDset/Miya Atsumu/Miya_Atsumu_22.png,train
/home/vinayak/AnimeFaceDset/Miya Atsumu/Miya_Atsumu_45.png,train
/home/vinayak/AnimeFaceDset/Miya Atsumu/Miya_Atsumu_28.png,train
/home/vinayak/AnimeFaceDset/Miya Atsumu/Miya_Atsumu_36.jpg,train
/home/vinayak/AnimeFaceDset/Miya Atsumu/Miya_Atsumu_8.png,train
/home/vinayak/AnimeFaceDset/Miya Atsumu/Miya_Atsumu_17.jpg,train
/home/vinayak/AnimeFaceDset/Miya Atsumu/Miya_Atsumu_29.jpg,train
/home/vinayak/AnimeFaceDset/Miya Atsumu/Miya_Atsumu_1.jpg,train
/home/vinayak/AnimeFaceDset/Miya Atsumu/Miya_Atsumu_12_1.jpg,train
/home/vinayak/AnimeFaceDset/Miya Atsumu/Miya_Atsumu_7.jpg,train
/home/vinayak/AnimeFaceDset/Miya Atsumu/Miya_Atsumu_24.jpg,train
/home/vinayak/AnimeFaceDset/Miya Atsumu/Miya_Atsumu_26.jpg,train
/home/vinayak/AnimeFaceDset/Miya Atsumu/Miya_Atsumu_2.jpg,train
/home/vinayak/AnimeFaceDset/Miya Atsumu/Miya_Atsumu_25.jpg,train
/home/vinayak/AnimeFaceDset/Murasakibara Atsushi/Murasakibara_Atsushi_24.jpg,train
/home/vinayak/AnimeFaceDset/Murasakibara Atsushi/Murasakibara_Atsushi_12.png,train
/home/vinayak/AnimeFaceDset/Murasakibara Atsushi/Murasakibara_Atsushi_18.png,train
/home/vinayak/AnimeFaceDset/Murasakibara Atsushi/Murasakibara_Atsushi_50.jpg,train
/home/vinayak/AnimeFaceDset/Murasakibara Atsushi/Murasakibara_Atsushi_5.jpg,train
/home/vinayak/AnimeFaceDset/Murasakibara Atsushi/Murasakibara_Atsushi_19.jpg,train
/home/vinayak/AnimeFaceDset/Murasakibara Atsushi/Murasakibara_Atsushi_27.jpg,train
/home/vinayak/AnimeFaceDset/Murasakibara Atsushi/Murasakibara_Atsushi_23.jpg,train
/home/vinayak/AnimeFaceDset/Murasakibara Atsushi/Murasakibara_Atsushi_1.png,train
/home/vinayak/AnimeFaceDset/Murasakibara Atsushi/Murasakibara_Atsushi_48.jpg,train
/home/vinayak/AnimeFaceDset/Murasakibara Atsushi/Murasakibara_Atsushi_30.png,train
/home/vinayak/AnimeFaceDset/Murasakibara Atsushi/Murasakibara_Atsushi_37.png,train
/home/vinayak/AnimeFaceDset/Murasakibara Atsushi/Murasakibara_Atsushi_5_1.jpg,train
/home/vinayak/AnimeFaceDset/Murasakibara Atsushi/Murasakibara_Atsushi_26.jpg,train
/home/vinayak/AnimeFaceDset/Murasakibara Atsushi/Murasakibara_Atsushi_17.jpg,train
/home/vinayak/AnimeFaceDset/Murasakibara Atsushi/Murasakibara_Atsushi_11.jpg,train
/home/vinayak/AnimeFaceDset/Murasakibara Atsushi/Murasakibara_Atsushi_8.jpg,train
/home/vinayak/AnimeFaceDset/Murasakibara Atsushi/Murasakibara_Atsushi_40.jpg,train
/home/vinayak/AnimeFaceDset/Murasakibara Atsushi/Murasakibara_Atsushi_10.jpg,train
/home/vinayak/AnimeFaceDset/Murasakibara Atsushi/Murasakibara_Atsushi_39.jpg,train
/home/vinayak/AnimeFaceDset/Murasakibara Atsushi/Murasakibara_Atsushi_25.png,train
/home/vinayak/AnimeFaceDset/Murasakibara Atsushi/Murasakibara_Atsushi_46.jpg,train
/home/vinayak/AnimeFaceDset/Murasakibara Atsushi/Murasakibara_Atsushi_13.png,train
/home/vinayak/AnimeFaceDset/Murasakibara Atsushi/Murasakibara_Atsushi_32.jpg,train
/home/vinayak/AnimeFaceDset/Natsume Takashi/Natsume_Takashi_49.jpg,train
/home/vinayak/AnimeFaceDset/Natsume Takashi/Natsume_Takashi_11_2.jpg,train
/home/vinayak/AnimeFaceDset/Natsume Takashi/Natsume_Takashi_11.jpg,train
/home/vinayak/AnimeFaceDset/Natsume Takashi/Natsume_Takashi_25.jpg,train
/home/vinayak/AnimeFaceDset/Natsume Takashi/Natsume_Takashi_29.jpg,train
/home/vinayak/AnimeFaceDset/Natsume Takashi/Natsume_Takashi_7.jpg,train
/home/vinayak/AnimeFaceDset/Natsume Takashi/Natsume_Takashi_24.jpg,train
/home/vinayak/AnimeFaceDset/Natsume Takashi/Natsume_Takashi_2.jpg,train
/home/vinayak/AnimeFaceDset/Natsume Takashi/Natsume_Takashi_18.jpg,train
/home/vinayak/AnimeFaceDset/Natsume Takashi/Natsume_Takashi_33.png,train
/home/vinayak/AnimeFaceDset/Natsume Takashi/Natsume_Takashi_19.jpg,train
/home/vinayak/AnimeFaceDset/Natsume Takashi/Natsume_Takashi_11_1.jpg,train
/home/vinayak/AnimeFaceDset/Natsume Takashi/Natsume_Takashi_16.jpg,train
/home/vinayak/AnimeFaceDset/Natsume Takashi/Natsume_Takashi_4.jpg,train
/home/vinayak/AnimeFaceDset/Natsume Takashi/Natsume_Takashi_22.jpg,train
/home/vinayak/AnimeFaceDset/Natsume Takashi/Natsume_Takashi_12.jpg,train
/home/vinayak/AnimeFaceDset/Natsume Takashi/Natsume_Takashi_46.jpg,train
/home/vinayak/AnimeFaceDset/Natsume Takashi/Natsume_Takashi_6.jpg,train
/home/vinayak/AnimeFaceDset/Natsume Takashi/Natsume_Takashi_36.jpg,train
/home/vinayak/AnimeFaceDset/Natsume Takashi/Natsume_Takashi_3.jpg,train
/home/vinayak/AnimeFaceDset/Natsume Takashi/Natsume_Takashi_1.jpg,train
/home/vinayak/AnimeFaceDset/Natsume Takashi/Natsume_Takashi_11_3.jpg,train
/home/vinayak/AnimeFaceDset/Natsume Takashi/Natsume_Takashi_43.jpg,train
/home/vinayak/AnimeFaceDset/Natsume Takashi/Natsume_Takashi_17.png,train
/home/vinayak/AnimeFaceDset/Suzune Horikita/Suzune_Horikita_35.jpg,train
/home/vinayak/AnimeFaceDset/Suzune Horikita/Suzune_Horikita_23.jpg,train
/home/vinayak/AnimeFaceDset/Suzune Horikita/Suzune_Horikita_36.png,train
/home/vinayak/AnimeFaceDset/Suzune Horikita/Suzune_Horikita_14.png,train
/home/vinayak/AnimeFaceDset/Suzune Horikita/Suzune_Horikita_2_2.png,train
/home/vinayak/AnimeFaceDset/Suzune Horikita/Suzune_Horikita_22.png,train
/home/vinayak/AnimeFaceDset/Suzune Horikita/Suzune_Horikita_6.jpg,train
/home/vinayak/AnimeFaceDset/Suzune Horikita/Suzune_Horikita_16.png,train
/home/vinayak/AnimeFaceDset/Suzune Horikita/Suzune_Horikita_1.jpg,train
/home/vinayak/AnimeFaceDset/Suzune Horikita/Suzune_Horikita_8.jpg,train
/home/vinayak/AnimeFaceDset/Suzune Horikita/Suzune_Horikita_29.png,train
/home/vinayak/AnimeFaceDset/Suzune Horikita/Suzune_Horikita_39.jpg,train
/home/vinayak/AnimeFaceDset/Suzune Horikita/Suzune_Horikita_2_3.png,train
/home/vinayak/AnimeFaceDset/Suzune Horikita/Suzune_Horikita_25.jpg,train
/home/vinayak/AnimeFaceDset/Suzune Horikita/Suzune_Horikita_7.jpg,train
/home/vinayak/AnimeFaceDset/Suzune Horikita/Suzune_Horikita_24.jpg,train
/home/vinayak/AnimeFaceDset/Suzune Horikita/Suzune_Horikita_18.png,train
/home/vinayak/AnimeFaceDset/Suzune Horikita/Suzune_Horikita_12.jpg,train
/home/vinayak/AnimeFaceDset/Suzune Horikita/Suzune_Horikita_3.jpg,train
/home/vinayak/AnimeFaceDset/Suzune Horikita/Suzune_Horikita_19.jpg,train
/home/vinayak/AnimeFaceDset/Suzune Horikita/Suzune_Horikita_4.jpg,train
/home/vinayak/AnimeFaceDset/Suzune Horikita/Suzune_Horikita_2.png,train
/home/vinayak/AnimeFaceDset/Suzune Horikita/Suzune_Horikita_17.png,train
/home/vinayak/AnimeFaceDset/Suzune Horikita/Suzune_Horikita_5.jpg,train
/home/vinayak/AnimeFaceDset/Chika Kudo/Chika_Kudo_36.jpg,train
/home/vinayak/AnimeFaceDset/Chika Kudo/Chika_Kudo_2.jpg,train
/home/vinayak/AnimeFaceDset/Chika Kudo/Chika_Kudo_29.jpg,train
/home/vinayak/AnimeFaceDset/Chika Kudo/Chika_Kudo_26.jpg,train
/home/vinayak/AnimeFaceDset/Chika Kudo/Chika_Kudo_1.jpg,train
/home/vinayak/AnimeFaceDset/Chika Kudo/Chika_Kudo_43.jpg,train
/home/vinayak/AnimeFaceDset/Chika Kudo/Chika_Kudo_3.jpg,train
/home/vinayak/AnimeFaceDset/Chika Kudo/Chika_Kudo_12.jpg,train
/home/vinayak/AnimeFaceDset/Chika Kudo/Chika_Kudo_31.png,train
/home/vinayak/AnimeFaceDset/Chika Kudo/Chika_Kudo_38.jpg,train
/home/vinayak/AnimeFaceDset/Chika Kudo/Chika_Kudo_50.jpg,train
/home/vinayak/AnimeFaceDset/Chika Kudo/Chika_Kudo_13.jpg,train
/home/vinayak/AnimeFaceDset/Chika Kudo/Chika_Kudo_17.jpg,train
/home/vinayak/AnimeFaceDset/Chika Kudo/Chika_Kudo_10.png,train
/home/vinayak/AnimeFaceDset/Chika Kudo/Chika_Kudo_18.jpg,train
/home/vinayak/AnimeFaceDset/Chika Kudo/Chika_Kudo_28.jpg,train
/home/vinayak/AnimeFaceDset/Chika Kudo/Chika_Kudo_40.jpg,train
/home/vinayak/AnimeFaceDset/Chika Kudo/Chika_Kudo_21.jpg,train
/home/vinayak/AnimeFaceDset/Chika Kudo/Chika_Kudo_11.jpg,train
/home/vinayak/AnimeFaceDset/Chika Kudo/Chika_Kudo_16.png,train
/home/vinayak/AnimeFaceDset/Chika Kudo/Chika_Kudo_40_1.jpg,train
/home/vinayak/AnimeFaceDset/Chika Kudo/Chika_Kudo_40_2.jpg,train
/home/vinayak/AnimeFaceDset/Chika Kudo/Chika_Kudo_24.jpg,train
/home/vinayak/AnimeFaceDset/Chika Kudo/Chika_Kudo_9.jpg,train
/home/vinayak/AnimeFaceDset/Natori Shuuichi/Natori_Shuuichi_32.png,train
/home/vinayak/AnimeFaceDset/Natori Shuuichi/Natori_Shuuichi_39.jpg,train
/home/vinayak/AnimeFaceDset/Natori Shuuichi/Natori_Shuuichi_13.jpg,train
/home/vinayak/AnimeFaceDset/Natori Shuuichi/Natori_Shuuichi_19.jpg,train
/home/vinayak/AnimeFaceDset/Natori Shuuichi/Natori_Shuuichi_20.jpg,train
/home/vinayak/AnimeFaceDset/Natori Shuuichi/Natori_Shuuichi_48.jpg,train
/home/vinayak/AnimeFaceDset/Natori Shuuichi/Natori_Shuuichi_50.jpg,train
/home/vinayak/AnimeFaceDset/Natori Shuuichi/Natori_Shuuichi_5.jpg,train
/home/vinayak/AnimeFaceDset/Natori Shuuichi/Natori_Shuuichi_15.jpg,train
/home/vinayak/AnimeFaceDset/Natori Shuuichi/Natori_Shuuichi_12.jpg,train
/home/vinayak/AnimeFaceDset/Natori Shuuichi/Natori_Shuuichi_44.png,train
/home/vinayak/AnimeFaceDset/Natori Shuuichi/Natori_Shuuichi_11.jpg,train
/home/vinayak/AnimeFaceDset/Natori Shuuichi/Natori_Shuuichi_44_1.png,train
/home/vinayak/AnimeFaceDset/Natori Shuuichi/Natori_Shuuichi_17.jpg,train
/home/vinayak/AnimeFaceDset/Natori Shuuichi/Natori_Shuuichi_29.jpg,train
/home/vinayak/AnimeFaceDset/Natori Shuuichi/Natori_Shuuichi_30.jpg,train
/home/vinayak/AnimeFaceDset/Natori Shuuichi/Natori_Shuuichi_16.jpg,train
/home/vinayak/AnimeFaceDset/Natori Shuuichi/Natori_Shuuichi_33.jpg,train
/home/vinayak/AnimeFaceDset/Natori Shuuichi/Natori_Shuuichi_23.jpg,train
/home/vinayak/AnimeFaceDset/Natori Shuuichi/Natori_Shuuichi_10.jpg,train
/home/vinayak/AnimeFaceDset/Natori Shuuichi/Natori_Shuuichi_2.jpg,train
/home/vinayak/AnimeFaceDset/Natori Shuuichi/Natori_Shuuichi_9.jpg,train
/home/vinayak/AnimeFaceDset/Natori Shuuichi/Natori_Shuuichi_8.png,train
/home/vinayak/AnimeFaceDset/Natori Shuuichi/Natori_Shuuichi_46.jpg,train
/home/vinayak/AnimeFaceDset/Daichi Sawamura/Daichi_Sawamura_29.jpg,train
/home/vinayak/AnimeFaceDset/Daichi Sawamura/Daichi_Sawamura_22.jpg,train
/home/vinayak/AnimeFaceDset/Daichi Sawamura/Daichi_Sawamura_5.jpg,train
/home/vinayak/AnimeFaceDset/Daichi Sawamura/Daichi_Sawamura_24.jpg,train
/home/vinayak/AnimeFaceDset/Daichi Sawamura/Daichi_Sawamura_3.jpg,train
/home/vinayak/AnimeFaceDset/Daichi Sawamura/Daichi_Sawamura_15.jpg,train
/home/vinayak/AnimeFaceDset/Daichi Sawamura/Daichi_Sawamura_25.png,train
/home/vinayak/AnimeFaceDset/Daichi Sawamura/Daichi_Sawamura_13.jpg,train
/home/vinayak/AnimeFaceDset/Daichi Sawamura/Daichi_Sawamura_44.jpg,train
/home/vinayak/AnimeFaceDset/Daichi Sawamura/Daichi_Sawamura_6.jpg,train
/home/vinayak/AnimeFaceDset/Daichi Sawamura/Daichi_Sawamura_40.jpg,train
/home/vinayak/AnimeFaceDset/Daichi Sawamura/Daichi_Sawamura_16.jpg,train
/home/vinayak/AnimeFaceDset/Daichi Sawamura/Daichi_Sawamura_8.png,train
/home/vinayak/AnimeFaceDset/Daichi Sawamura/Daichi_Sawamura_7.jpg,train
/home/vinayak/AnimeFaceDset/Daichi Sawamura/Daichi_Sawamura_35.jpg,train
/home/vinayak/AnimeFaceDset/Daichi Sawamura/Daichi_Sawamura_9.jpg,train
/home/vinayak/AnimeFaceDset/Daichi Sawamura/Daichi_Sawamura_20.jpg,train
/home/vinayak/AnimeFaceDset/Daichi Sawamura/Daichi_Sawamura_21.png,train
/home/vinayak/AnimeFaceDset/Daichi Sawamura/Daichi_Sawamura_4.jpg,train
/home/vinayak/AnimeFaceDset/Daichi Sawamura/Daichi_Sawamura_23.jpg,train
/home/vinayak/AnimeFaceDset/Daichi Sawamura/Daichi_Sawamura_42.png,train
/home/vinayak/AnimeFaceDset/Daichi Sawamura/Daichi_Sawamura_31.jpg,train
/home/vinayak/AnimeFaceDset/Daichi Sawamura/Daichi_Sawamura_14.jpg,train
/home/vinayak/AnimeFaceDset/Daichi Sawamura/Daichi_Sawamura_27.jpg,train
/home/vinayak/AnimeFaceDset/Hanako Koyanagi/Hanako_Koyanagi_7.png,train
/home/vinayak/AnimeFaceDset/Hanako Koyanagi/Hanako_Koyanagi_17.png,train
/home/vinayak/AnimeFaceDset/Hanako Koyanagi/Hanako_Koyanagi_37.jpg,train
/home/vinayak/AnimeFaceDset/Hanako Koyanagi/Hanako_Koyanagi_29.jpg,train
/home/vinayak/AnimeFaceDset/Hanako Koyanagi/Hanako_Koyanagi_8.jpg,train
/home/vinayak/AnimeFaceDset/Hanako Koyanagi/Hanako_Koyanagi_34.png,train
/home/vinayak/AnimeFaceDset/Hanako Koyanagi/Hanako_Koyanagi_33.jpg,train
/home/vinayak/AnimeFaceDset/Hanako Koyanagi/Hanako_Koyanagi_14.jpg,train
/home/vinayak/AnimeFaceDset/Hanako Koyanagi/Hanako_Koyanagi_19.jpg,train
/home/vinayak/AnimeFaceDset/Hanako Koyanagi/Hanako_Koyanagi_16.png,train
/home/vinayak/AnimeFaceDset/Hanako Koyanagi/Hanako_Koyanagi_40.jpg,train
/home/vinayak/AnimeFaceDset/Hanako Koyanagi/Hanako_Koyanagi_11.jpg,train
/home/vinayak/AnimeFaceDset/Hanako Koyanagi/Hanako_Koyanagi_2.jpg,train
/home/vinayak/AnimeFaceDset/Hanako Koyanagi/Hanako_Koyanagi_36.jpg,train
/home/vinayak/AnimeFaceDset/Hanako Koyanagi/Hanako_Koyanagi_15.jpg,train
/home/vinayak/AnimeFaceDset/Hanako Koyanagi/Hanako_Koyanagi_49.png,train
/home/vinayak/AnimeFaceDset/Hanako Koyanagi/Hanako_Koyanagi_39.jpg,train
/home/vinayak/AnimeFaceDset/Hanako Koyanagi/Hanako_Koyanagi_25.jpg,train
/home/vinayak/AnimeFaceDset/Hanako Koyanagi/Hanako_Koyanagi_4.jpg,train
/home/vinayak/AnimeFaceDset/Hanako Koyanagi/Hanako_Koyanagi_20.png,train
/home/vinayak/AnimeFaceDset/Hanako Koyanagi/Hanako_Koyanagi_24.jpg,train
/home/vinayak/AnimeFaceDset/Hanako Koyanagi/Hanako_Koyanagi_23.jpg,train
/home/vinayak/AnimeFaceDset/Hanako Koyanagi/Hanako_Koyanagi_30.jpg,train
/home/vinayak/AnimeFaceDset/Hanako Koyanagi/Hanako_Koyanagi_3.jpg,train
/home/vinayak/AnimeFaceDset/Miya Osamu/Miya_Osamu_8.jpg,train
/home/vinayak/AnimeFaceDset/Miya Osamu/Miya_Osamu_4_6.jpg,train
/home/vinayak/AnimeFaceDset/Miya Osamu/Miya_Osamu_11.png,train
/home/vinayak/AnimeFaceDset/Miya Osamu/Miya_Osamu_36.jpg,train
/home/vinayak/AnimeFaceDset/Miya Osamu/Miya_Osamu_4_2.jpg,train
/home/vinayak/AnimeFaceDset/Miya Osamu/Miya_Osamu_2.jpg,train
/home/vinayak/AnimeFaceDset/Miya Osamu/Miya_Osamu_17.jpg,train
/home/vinayak/AnimeFaceDset/Miya Osamu/Miya_Osamu_4_5.jpg,train
/home/vinayak/AnimeFaceDset/Miya Osamu/Miya_Osamu_44.jpg,train
/home/vinayak/AnimeFaceDset/Miya Osamu/Miya_Osamu_4_1.jpg,train
/home/vinayak/AnimeFaceDset/Miya Osamu/Miya_Osamu_4_3.jpg,train
/home/vinayak/AnimeFaceDset/Miya Osamu/Miya_Osamu_4_4.jpg,train
/home/vinayak/AnimeFaceDset/Miya Osamu/Miya_Osamu_24.jpg,train
/home/vinayak/AnimeFaceDset/Miya Osamu/Miya_Osamu_26_2.png,train
/home/vinayak/AnimeFaceDset/Miya Osamu/Miya_Osamu_22.jpg,train
/home/vinayak/AnimeFaceDset/Miya Osamu/Miya_Osamu_26_3.png,train
/home/vinayak/AnimeFaceDset/Miya Osamu/Miya_Osamu_15.jpg,train
/home/vinayak/AnimeFaceDset/Miya Osamu/Miya_Osamu_43.png,train
/home/vinayak/AnimeFaceDset/Miya Osamu/Miya_Osamu_4_7.jpg,train
/home/vinayak/AnimeFaceDset/Miya Osamu/Miya_Osamu_29.jpg,train
/home/vinayak/AnimeFaceDset/Miya Osamu/Miya_Osamu_6.jpg,train
/home/vinayak/AnimeFaceDset/Miya Osamu/Miya_Osamu_4.jpg,train
/home/vinayak/AnimeFaceDset/Miya Osamu/Miya_Osamu_1.jpg,train
/home/vinayak/AnimeFaceDset/Miya Osamu/Miya_Osamu_23.png,train
/home/vinayak/AnimeFaceDset/Kuro Tetsuro/Kuro_Tetsuro_25_balancing.jpg,train
/home/vinayak/AnimeFaceDset/Kuro Tetsuro/Kuro_Tetsuro_19_balancing.jpg,train
/home/vinayak/AnimeFaceDset/Kuro Tetsuro/Kuro_Tetsuro_3.png,train
/home/vinayak/AnimeFaceDset/Kuro Tetsuro/Kuro_Tetsuro_7_balancing.jpg,train
/home/vinayak/AnimeFaceDset/Kuro Tetsuro/Kuro_Tetsuro_27_balancing.jpg,train
/home/vinayak/AnimeFaceDset/Kuro Tetsuro/Kuro_Tetsuro_29.jpg,train
/home/vinayak/AnimeFaceDset/Kuro Tetsuro/Kuro_Tetsuro_11.jpg,train
/home/vinayak/AnimeFaceDset/Kuro Tetsuro/Kuro_Tetsuro_21_balancing.jpg,train
/home/vinayak/AnimeFaceDset/Kuro Tetsuro/Kuro_Tetsuro_18_balancing.jpg,train
/home/vinayak/AnimeFaceDset/Kuro Tetsuro/Kuro_Tetsuro_21.jpg,train
/home/vinayak/AnimeFaceDset/Kuro Tetsuro/Kuro_Tetsuro_6_balancing_second_balancing.jpg,train
/home/vinayak/AnimeFaceDset/Kuro Tetsuro/Kuro_Tetsuro_16.png,train
/home/vinayak/AnimeFaceDset/Kuro Tetsuro/Kuro_Tetsuro_4.jpg,train
/home/vinayak/AnimeFaceDset/Kuro Tetsuro/Kuro_Tetsuro_30.jpg,train
/home/vinayak/AnimeFaceDset/Kuro Tetsuro/Kuro_Tetsuro_29_balancing.jpg,train
/home/vinayak/AnimeFaceDset/Kuro Tetsuro/Kuro_Tetsuro_18.jpg,train
/home/vinayak/AnimeFaceDset/Kuro Tetsuro/Kuro_Tetsuro_7.jpg,train
/home/vinayak/AnimeFaceDset/Kuro Tetsuro/Kuro_Tetsuro_24.jpg,train
/home/vinayak/AnimeFaceDset/Kuro Tetsuro/Kuro_Tetsuro_10.jpg,train
/home/vinayak/AnimeFaceDset/Kuro Tetsuro/Kuro_Tetsuro_17.jpg,train
/home/vinayak/AnimeFaceDset/Kuro Tetsuro/Kuro_Tetsuro_12.png,train
/home/vinayak/AnimeFaceDset/Kuro Tetsuro/Kuro_Tetsuro_28.jpg,train
/home/vinayak/AnimeFaceDset/Kuro Tetsuro/Kuro_Tetsuro_16_balancing.png,train
/home/vinayak/AnimeFaceDset/Kuro Tetsuro/Kuro_Tetsuro_3_second_balancing.png,train
/home/vinayak/AnimeFaceDset/Izumi Hashima/Izumi_Hashima_13.jpg,train
/home/vinayak/AnimeFaceDset/Izumi Hashima/Izumi_Hashima_49.jpg,train
/home/vinayak/AnimeFaceDset/Izumi Hashima/Izumi_Hashima_3.jpg,train
/home/vinayak/AnimeFaceDset/Izumi Hashima/Izumi_Hashima_30.jpg,train
/home/vinayak/AnimeFaceDset/Izumi Hashima/Izumi_Hashima_37.png,train
/home/vinayak/AnimeFaceDset/Izumi Hashima/Izumi_Hashima_26.jpg,train
/home/vinayak/AnimeFaceDset/Izumi Hashima/Izumi_Hashima_4.jpg,train
/home/vinayak/AnimeFaceDset/Izumi Hashima/Izumi_Hashima_25.jpg,train
/home/vinayak/AnimeFaceDset/Izumi Hashima/Izumi_Hashima_32.jpg,train
/home/vinayak/AnimeFaceDset/Izumi Hashima/Izumi_Hashima_7.jpg,train
/home/vinayak/AnimeFaceDset/Izumi Hashima/Izumi_Hashima_33.jpg,train
/home/vinayak/AnimeFaceDset/Izumi Hashima/Izumi_Hashima_18.png,train
/home/vinayak/AnimeFaceDset/Izumi Hashima/Izumi_Hashima_14.jpg,train
/home/vinayak/AnimeFaceDset/Izumi Hashima/Izumi_Hashima_12.jpg,train
/home/vinayak/AnimeFaceDset/Izumi Hashima/Izumi_Hashima_29.jpg,train
/home/vinayak/AnimeFaceDset/Izumi Hashima/Izumi_Hashima_8.png,train
/home/vinayak/AnimeFaceDset/Izumi Hashima/Izumi_Hashima_23.jpg,train
/home/vinayak/AnimeFaceDset/Izumi Hashima/Izumi_Hashima_34.jpg,train
/home/vinayak/AnimeFaceDset/Izumi Hashima/Izumi_Hashima_6.png,train
/home/vinayak/AnimeFaceDset/Izumi Hashima/Izumi_Hashima_39.jpg,train
/home/vinayak/AnimeFaceDset/Izumi Hashima/Izumi_Hashima_17.png,train
/home/vinayak/AnimeFaceDset/Izumi Hashima/Izumi_Hashima_38.jpg,train
/home/vinayak/AnimeFaceDset/Izumi Hashima/Izumi_Hashima_44.jpg,train
/home/vinayak/AnimeFaceDset/Izumi Hashima/Izumi_Hashima_48.jpg,train
/home/vinayak/AnimeFaceDset/Megumi Kato/Megumi_Kato_11.jpg,valid
/home/vinayak/AnimeFaceDset/Megumi Kato/Megumi_Kato_27.jpg,valid
/home/vinayak/AnimeFaceDset/Megumi Kato/Megumi_Kato_22.jpg,valid
/home/vinayak/AnimeFaceDset/Megumi Kato/Megumi_Kato_24.jpg,valid
/home/vinayak/AnimeFaceDset/Megumi Kato/Megumi_Kato_25.jpg,valid
/home/vinayak/AnimeFaceDset/Megumi Kato/Megumi_Kato_44.jpg,valid
/home/vinayak/AnimeFaceDset/Megumi Kato/Megumi_Kato_6.jpg,valid
/home/vinayak/AnimeFaceDset/Megumi Kato/Megumi_Kato_5.jpg,valid
/home/vinayak/AnimeFaceDset/Seijuro Akashi/Seijuro_Akashi_26.jpg,valid
/home/vinayak/AnimeFaceDset/Seijuro Akashi/Seijuro_Akashi_39.jpg,valid
/home/vinayak/AnimeFaceDset/Seijuro Akashi/Seijuro_Akashi_48.jpg,valid
/home/vinayak/AnimeFaceDset/Seijuro Akashi/Seijuro_Akashi_11.png,valid
/home/vinayak/AnimeFaceDset/Seijuro Akashi/Seijuro_Akashi_20.jpg,valid
/home/vinayak/AnimeFaceDset/Seijuro Akashi/Seijuro_Akashi_3.jpg,valid
/home/vinayak/AnimeFaceDset/Seijuro Akashi/Seijuro_Akashi_12.png,valid
/home/vinayak/AnimeFaceDset/Seijuro Akashi/Seijuro_Akashi_9.jpg,valid
/home/vinayak/AnimeFaceDset/Michiru Hyodo/Michiru_Hyodo_15.png,valid
/home/vinayak/AnimeFaceDset/Michiru Hyodo/Michiru_Hyodo_25.jpg,valid
/home/vinayak/AnimeFaceDset/Michiru Hyodo/Michiru_Hyodo_4.jpg,valid
/home/vinayak/AnimeFaceDset/Michiru Hyodo/Michiru_Hyodo_24.png,valid
/home/vinayak/AnimeFaceDset/Michiru Hyodo/Michiru_Hyodo_21.jpg,valid
/home/vinayak/AnimeFaceDset/Michiru Hyodo/Michiru_Hyodo_8.jpg,valid
/home/vinayak/AnimeFaceDset/Michiru Hyodo/Michiru_Hyodo_24_balancing.png,valid
/home/vinayak/AnimeFaceDset/Michiru Hyodo/Michiru_Hyodo_20.jpg,valid
/home/vinayak/AnimeFaceDset/Totsuka Saika/Totsuka_Saika_15.jpg,valid
/home/vinayak/AnimeFaceDset/Totsuka Saika/Totsuka_Saika_17.jpg,valid
/home/vinayak/AnimeFaceDset/Totsuka Saika/Totsuka_Saika_30.jpg,valid
/home/vinayak/AnimeFaceDset/Totsuka Saika/Totsuka_Saika_23.jpg,valid
/home/vinayak/AnimeFaceDset/Totsuka Saika/Totsuka_Saika_19.png,valid
/home/vinayak/AnimeFaceDset/Totsuka Saika/Totsuka_Saika_5.jpg,valid
/home/vinayak/AnimeFaceDset/Totsuka Saika/Totsuka_Saika_22.jpg,valid
/home/vinayak/AnimeFaceDset/Totsuka Saika/Totsuka_Saika_34_1.jpg,valid
/home/vinayak/AnimeFaceDset/Satowa Hozuki/Satowa_Hozuki_13.jpg,valid
/home/vinayak/AnimeFaceDset/Satowa Hozuki/Satowa_Hozuki_9.jpg,valid
/home/vinayak/AnimeFaceDset/Satowa Hozuki/Satowa_Hozuki_26.jpg,valid
/home/vinayak/AnimeFaceDset/Satowa Hozuki/Satowa_Hozuki_8.png,valid
/home/vinayak/AnimeFaceDset/Satowa Hozuki/Satowa_Hozuki_46.png,valid
/home/vinayak/AnimeFaceDset/Satowa Hozuki/Satowa_Hozuki_30_1.jpg,valid
/home/vinayak/AnimeFaceDset/Satowa Hozuki/Satowa_Hozuki_48.jpg,valid
/home/vinayak/AnimeFaceDset/Satowa Hozuki/Satowa_Hozuki_17.jpg,valid
/home/vinayak/AnimeFaceDset/Narumi Momose/Narumi_Momose_27.jpg,valid
/home/vinayak/AnimeFaceDset/Narumi Momose/Narumi_Momose_23.jpg,valid
/home/vinayak/AnimeFaceDset/Narumi Momose/Narumi_Momose_37.png,valid
/home/vinayak/AnimeFaceDset/Narumi Momose/Narumi_Momose_21.jpg,valid
/home/vinayak/AnimeFaceDset/Narumi Momose/Narumi_Momose_40.jpg,valid
/home/vinayak/AnimeFaceDset/Narumi Momose/Narumi_Momose_18.png,valid
/home/vinayak/AnimeFaceDset/Narumi Momose/Narumi_Momose_11.png,valid
/home/vinayak/AnimeFaceDset/Narumi Momose/Narumi_Momose_5.png,valid
/home/vinayak/AnimeFaceDset/Kise Ryota/Kise_Ryota_19.jpg,valid
/home/vinayak/AnimeFaceDset/Kise Ryota/Kise_Ryota_16.png,valid
/home/vinayak/AnimeFaceDset/Kise Ryota/Kise_Ryota_13.png,valid
/home/vinayak/AnimeFaceDset/Kise Ryota/Kise_Ryota_27.jpg,valid
/home/vinayak/AnimeFaceDset/Kise Ryota/Kise_Ryota_23.jpg,valid
/home/vinayak/AnimeFaceDset/Kise Ryota/Kise_Ryota_1.jpg,valid
/home/vinayak/AnimeFaceDset/Kise Ryota/Kise_Ryota_24.jpg,valid
/home/vinayak/AnimeFaceDset/Kise Ryota/Kise_Ryota_9.jpg,valid
/home/vinayak/AnimeFaceDset/Ushijima Wakatoshi/Ushijima_Wakatoshi_34.jpg,valid
/home/vinayak/AnimeFaceDset/Ushijima Wakatoshi/Ushijima_Wakatoshi_40_1.png,valid
/home/vinayak/AnimeFaceDset/Ushijima Wakatoshi/Ushijima_Wakatoshi_6.jpg,valid
/home/vinayak/AnimeFaceDset/Ushijima Wakatoshi/Ushijima_Wakatoshi_14.jpg,valid
/home/vinayak/AnimeFaceDset/Ushijima Wakatoshi/Ushijima_Wakatoshi_7.jpg,valid
/home/vinayak/AnimeFaceDset/Ushijima Wakatoshi/Ushijima_Wakatoshi_11.jpg,valid
/home/vinayak/AnimeFaceDset/Ushijima Wakatoshi/Ushijima_Wakatoshi_9.jpg,valid
/home/vinayak/AnimeFaceDset/Ushijima Wakatoshi/Ushijima_Wakatoshi_47.jpg,valid
/home/vinayak/AnimeFaceDset/Arima Kousei/Arima_Kousei_17.png,valid
/home/vinayak/AnimeFaceDset/Arima Kousei/Arima_Kousei_27.png,valid
/home/vinayak/AnimeFaceDset/Arima Kousei/Arima_Kousei_39.jpg,valid
/home/vinayak/AnimeFaceDset/Arima Kousei/Arima_Kousei_3.jpg,valid
/home/vinayak/AnimeFaceDset/Arima Kousei/Arima_Kousei_13.jpg,valid
/home/vinayak/AnimeFaceDset/Arima Kousei/Arima_Kousei_5.jpg,valid
/home/vinayak/AnimeFaceDset/Arima Kousei/Arima_Kousei_15.png,valid
/home/vinayak/AnimeFaceDset/Arima Kousei/Arima_Kousei_5_1.jpg,valid
/home/vinayak/AnimeFaceDset/Kaori Miyazono/Kaori_Miyazono_15.jpg,valid
/home/vinayak/AnimeFaceDset/Kaori Miyazono/Kaori_Miyazono_7.jpg,valid
/home/vinayak/AnimeFaceDset/Kaori Miyazono/Kaori_Miyazono_25.jpg,valid
/home/vinayak/AnimeFaceDset/Kaori Miyazono/Kaori_Miyazono_28.png,valid
/home/vinayak/AnimeFaceDset/Kaori Miyazono/Kaori_Miyazono_21.jpg,valid
/home/vinayak/AnimeFaceDset/Kaori Miyazono/Kaori_Miyazono_2.jpg,valid
/home/vinayak/AnimeFaceDset/Kaori Miyazono/Kaori_Miyazono_22.png,valid
/home/vinayak/AnimeFaceDset/Kaori Miyazono/Kaori_Miyazono_23.png,valid
/home/vinayak/AnimeFaceDset/Midorima Shintaro/Midorima_Shintaro_15.png,valid
/home/vinayak/AnimeFaceDset/Midorima Shintaro/Midorima_Shintaro_45.jpg,valid
/home/vinayak/AnimeFaceDset/Midorima Shintaro/Midorima_Shintaro_1.png,valid
/home/vinayak/AnimeFaceDset/Midorima Shintaro/Midorima_Shintaro_28.jpg,valid
/home/vinayak/AnimeFaceDset/Midorima Shintaro/Midorima_Shintaro_14.jpg,valid
/home/vinayak/AnimeFaceDset/Midorima Shintaro/Midorima_Shintaro_2.jpg,valid
/home/vinayak/AnimeFaceDset/Midorima Shintaro/Midorima_Shintaro_21.jpg,valid
/home/vinayak/AnimeFaceDset/Midorima Shintaro/Midorima_Shintaro_4.jpg,valid
/home/vinayak/AnimeFaceDset/Utaha Kasumigaoka/Utaha_Kasumigaoka_40.jpg,valid
/home/vinayak/AnimeFaceDset/Utaha Kasumigaoka/Utaha_Kasumigaoka_10.jpg,valid
/home/vinayak/AnimeFaceDset/Utaha Kasumigaoka/Utaha_Kasumigaoka_16.jpg,valid
/home/vinayak/AnimeFaceDset/Utaha Kasumigaoka/Utaha_Kasumigaoka_29.jpg,valid
/home/vinayak/AnimeFaceDset/Utaha Kasumigaoka/Utaha_Kasumigaoka_24.png,valid
/home/vinayak/AnimeFaceDset/Utaha Kasumigaoka/Utaha_Kasumigaoka_13.jpg,valid
/home/vinayak/AnimeFaceDset/Utaha Kasumigaoka/Utaha_Kasumigaoka_43.png,valid
/home/vinayak/AnimeFaceDset/Utaha Kasumigaoka/Utaha_Kasumigaoka_7.png,valid
/home/vinayak/AnimeFaceDset/Ruka Sarashina/Ruka_Sarashina_24_1.jpg,valid
/home/vinayak/AnimeFaceDset/Ruka Sarashina/Ruka_Sarashina_28.jpg,valid
/home/vinayak/AnimeFaceDset/Ruka Sarashina/Ruka_Sarashina_10.png,valid
/home/vinayak/AnimeFaceDset/Ruka Sarashina/Ruka_Sarashina_26.png,valid
/home/vinayak/AnimeFaceDset/Ruka Sarashina/Ruka_Sarashina_22.jpg,valid
/home/vinayak/AnimeFaceDset/Ruka Sarashina/Ruka_Sarashina_20.jpg,valid
/home/vinayak/AnimeFaceDset/Ruka Sarashina/Ruka_Sarashina_39.jpg,valid
/home/vinayak/AnimeFaceDset/Ruka Sarashina/Ruka_Sarashina_3.jpg,valid
/home/vinayak/AnimeFaceDset/Kotaro Bokuto/Kotaro_Bokuto_1.jpg,valid
/home/vinayak/AnimeFaceDset/Kotaro Bokuto/Kotaro_Bokuto_46.jpg,valid
/home/vinayak/AnimeFaceDset/Kotaro Bokuto/Kotaro_Bokuto_15.jpg,valid
/home/vinayak/AnimeFaceDset/Kotaro Bokuto/Kotaro_Bokuto_40.png,valid
/home/vinayak/AnimeFaceDset/Kotaro Bokuto/Kotaro_Bokuto_43.jpg,valid
/home/vinayak/AnimeFaceDset/Kotaro Bokuto/Kotaro_Bokuto_26.jpg,valid
/home/vinayak/AnimeFaceDset/Kotaro Bokuto/Kotaro_Bokuto_8.jpg,valid
/home/vinayak/AnimeFaceDset/Kotaro Bokuto/Kotaro_Bokuto_21.jpg,valid
/home/vinayak/AnimeFaceDset/Sumi Sakurasawa/Sumi_Sakurasawa_8.jpg,valid
/home/vinayak/AnimeFaceDset/Sumi Sakurasawa/Sumi_Sakurasawa_22.jpg,valid
/home/vinayak/AnimeFaceDset/Sumi Sakurasawa/Sumi_Sakurasawa_14.jpg,valid
/home/vinayak/AnimeFaceDset/Sumi Sakurasawa/Sumi_Sakurasawa_11.jpg,valid
/home/vinayak/AnimeFaceDset/Sumi Sakurasawa/Sumi_Sakurasawa_1.jpg,valid
/home/vinayak/AnimeFaceDset/Sumi Sakurasawa/Sumi_Sakurasawa_48.jpg,valid
/home/vinayak/AnimeFaceDset/Sumi Sakurasawa/Sumi_Sakurasawa_19.jpg,valid
/home/vinayak/AnimeFaceDset/Sumi Sakurasawa/Sumi_Sakurasawa_16.png,valid
/home/vinayak/AnimeFaceDset/Eriri Spencer Sawamura/Eriri_Spencer_Sawamura_27.jpg,valid
/home/vinayak/AnimeFaceDset/Eriri Spencer Sawamura/Eriri_Spencer_Sawamura_26.jpg,valid
/home/vinayak/AnimeFaceDset/Eriri Spencer Sawamura/Eriri_Spencer_Sawamura_24.jpg,valid
/home/vinayak/AnimeFaceDset/Eriri Spencer Sawamura/Eriri_Spencer_Sawamura_18.png,valid
/home/vinayak/AnimeFaceDset/Eriri Spencer Sawamura/Eriri_Spencer_Sawamura_7.jpg,valid
/home/vinayak/AnimeFaceDset/Eriri Spencer Sawamura/Eriri_Spencer_Sawamura_6.jpg,valid
/home/vinayak/AnimeFaceDset/Eriri Spencer Sawamura/Eriri_Spencer_Sawamura_15.png,valid
/home/vinayak/AnimeFaceDset/Eriri Spencer Sawamura/Eriri_Spencer_Sawamura_2.jpg,valid
/home/vinayak/AnimeFaceDset/Aomine Daiki/Aomine_Daiki_21.png,valid
/home/vinayak/AnimeFaceDset/Aomine Daiki/Aomine_Daiki_3.png,valid
/home/vinayak/AnimeFaceDset/Aomine Daiki/Aomine_Daiki_10.jpg,valid
/home/vinayak/AnimeFaceDset/Aomine Daiki/Aomine_Daiki_35.jpg,valid
/home/vinayak/AnimeFaceDset/Aomine Daiki/Aomine_Daiki_27.png,valid
/home/vinayak/AnimeFaceDset/Aomine Daiki/Aomine_Daiki_19.png,valid
/home/vinayak/AnimeFaceDset/Aomine Daiki/Aomine_Daiki_1.png,valid
/home/vinayak/AnimeFaceDset/Aomine Daiki/Aomine_Daiki_32.jpg,valid
/home/vinayak/AnimeFaceDset/Mami Nanami/Mami_Nanami_7.jpg,valid
/home/vinayak/AnimeFaceDset/Mami Nanami/Mami_Nanami_36.png,valid
/home/vinayak/AnimeFaceDset/Mami Nanami/Mami_Nanami_23.jpg,valid
/home/vinayak/AnimeFaceDset/Mami Nanami/Mami_Nanami_15.png,valid
/home/vinayak/AnimeFaceDset/Mami Nanami/Mami_Nanami_16.jpg,valid
/home/vinayak/AnimeFaceDset/Mami Nanami/Mami_Nanami_50.jpg,valid
/home/vinayak/AnimeFaceDset/Mami Nanami/Mami_Nanami_17.jpg,valid
/home/vinayak/AnimeFaceDset/Mami Nanami/Mami_Nanami_28.jpg,valid
/home/vinayak/AnimeFaceDset/Tsubaki Sawabe/Tsubaki_Sawabe_17.jpg,valid
/home/vinayak/AnimeFaceDset/Tsubaki Sawabe/Tsubaki_Sawabe_5.jpg,valid
/home/vinayak/AnimeFaceDset/Tsubaki Sawabe/Tsubaki_Sawabe_18_4.jpg,valid
/home/vinayak/AnimeFaceDset/Tsubaki Sawabe/Tsubaki_Sawabe_18.jpg,valid
/home/vinayak/AnimeFaceDset/Tsubaki Sawabe/Tsubaki_Sawabe_18_3.jpg,valid
/home/vinayak/AnimeFaceDset/Tsubaki Sawabe/Tsubaki_Sawabe_4.jpg,valid
/home/vinayak/AnimeFaceDset/Tsubaki Sawabe/Tsubaki_Sawabe_9.jpg,valid
/home/vinayak/AnimeFaceDset/Tsubaki Sawabe/Tsubaki_Sawabe_11.jpg,valid
/home/vinayak/AnimeFaceDset/Hikigaya Hachiman/Hikigaya_Hachiman_30.jpg,valid
/home/vinayak/AnimeFaceDset/Hikigaya Hachiman/Hikigaya_Hachiman_39.jpg,valid
/home/vinayak/AnimeFaceDset/Hikigaya Hachiman/Hikigaya_Hachiman_2.jpg,valid
/home/vinayak/AnimeFaceDset/Hikigaya Hachiman/Hikigaya_Hachiman_27.jpg,valid
/home/vinayak/AnimeFaceDset/Hikigaya Hachiman/Hikigaya_Hachiman_19.jpg,valid
/home/vinayak/AnimeFaceDset/Hikigaya Hachiman/Hikigaya_Hachiman_9.png,valid
/home/vinayak/AnimeFaceDset/Hikigaya Hachiman/Hikigaya_Hachiman_16.jpg,valid
/home/vinayak/AnimeFaceDset/Hikigaya Hachiman/Hikigaya_Hachiman_49.png,valid
/home/vinayak/AnimeFaceDset/Kageyama Tobio/Kageyama_Tobio_11.png,valid
/home/vinayak/AnimeFaceDset/Kageyama Tobio/Kageyama_Tobio_27.jpg,valid
/home/vinayak/AnimeFaceDset/Kageyama Tobio/Kageyama_Tobio_49.jpg,valid
/home/vinayak/AnimeFaceDset/Kageyama Tobio/Kageyama_Tobio_4.jpg,valid
/home/vinayak/AnimeFaceDset/Kageyama Tobio/Kageyama_Tobio_39.jpg,valid
/home/vinayak/AnimeFaceDset/Kageyama Tobio/Kageyama_Tobio_2.jpg,valid
/home/vinayak/AnimeFaceDset/Kageyama Tobio/Kageyama_Tobio_19.jpg,valid
/home/vinayak/AnimeFaceDset/Kageyama Tobio/Kageyama_Tobio_8.jpg,valid
/home/vinayak/AnimeFaceDset/Hinata Shoyo/Hinata_Shoyo_25.png,valid
/home/vinayak/AnimeFaceDset/Hinata Shoyo/Hinata_Shoyo_4.png,valid
/home/vinayak/AnimeFaceDset/Hinata Shoyo/Hinata_Shoyo_37.jpg,valid
/home/vinayak/AnimeFaceDset/Hinata Shoyo/Hinata_Shoyo_3.jpg,valid
/home/vinayak/AnimeFaceDset/Hinata Shoyo/Hinata_Shoyo_30.jpg,valid
/home/vinayak/AnimeFaceDset/Hinata Shoyo/Hinata_Shoyo_20.jpg,valid
/home/vinayak/AnimeFaceDset/Hinata Shoyo/Hinata_Shoyo_5.jpg,valid
/home/vinayak/AnimeFaceDset/Hinata Shoyo/Hinata_Shoyo_29.jpg,valid
/home/vinayak/AnimeFaceDset/Kiyotaka Ayanokoji/Kiyotaka_Ayanokoji_28.jpg,valid
/home/vinayak/AnimeFaceDset/Kiyotaka Ayanokoji/Kiyotaka_Ayanokoji_9.png,valid
/home/vinayak/AnimeFaceDset/Kiyotaka Ayanokoji/Kiyotaka_Ayanokoji_2.jpg,valid
/home/vinayak/AnimeFaceDset/Kiyotaka Ayanokoji/Kiyotaka_Ayanokoji_18.jpg,valid
/home/vinayak/AnimeFaceDset/Kiyotaka Ayanokoji/Kiyotaka_Ayanokoji_12.jpg,valid
/home/vinayak/AnimeFaceDset/Kiyotaka Ayanokoji/Kiyotaka_Ayanokoji_6.jpg,valid
/home/vinayak/AnimeFaceDset/Kiyotaka Ayanokoji/Kiyotaka_Ayanokoji_15.jpg,valid
/home/vinayak/AnimeFaceDset/Kiyotaka Ayanokoji/Kiyotaka_Ayanokoji_19.jpg,valid
/home/vinayak/AnimeFaceDset/Kuroko Tetsuya/Kuroko_Tetsuya_4.jpg,valid
/home/vinayak/AnimeFaceDset/Kuroko Tetsuya/Kuroko_Tetsuya_32.jpg,valid
/home/vinayak/AnimeFaceDset/Kuroko Tetsuya/Kuroko_Tetsuya_35.jpg,valid
/home/vinayak/AnimeFaceDset/Kuroko Tetsuya/Kuroko_Tetsuya_36.jpg,valid
/home/vinayak/AnimeFaceDset/Kuroko Tetsuya/Kuroko_Tetsuya_24.jpg,valid
/home/vinayak/AnimeFaceDset/Kuroko Tetsuya/Kuroko_Tetsuya_34.png,valid
/home/vinayak/AnimeFaceDset/Kuroko Tetsuya/Kuroko_Tetsuya_5.jpg,valid
/home/vinayak/AnimeFaceDset/Kuroko Tetsuya/Kuroko_Tetsuya_13.jpg,valid
/home/vinayak/AnimeFaceDset/Jinta Yadomi/Jinta_Yadomi_13.jpg,valid
/home/vinayak/AnimeFaceDset/Jinta Yadomi/Jinta_Yadomi_34.png,valid
/home/vinayak/AnimeFaceDset/Jinta Yadomi/Jinta_Yadomi_28.jpg,valid
/home/vinayak/AnimeFaceDset/Jinta Yadomi/Jinta_Yadomi_9.png,valid
/home/vinayak/AnimeFaceDset/Jinta Yadomi/Jinta_Yadomi_16.jpg,valid
/home/vinayak/AnimeFaceDset/Jinta Yadomi/Jinta_Yadomi_48.jpg,valid
/home/vinayak/AnimeFaceDset/Jinta Yadomi/Jinta_Yadomi_35.png,valid
/home/vinayak/AnimeFaceDset/Jinta Yadomi/Jinta_Yadomi_11.png,valid
/home/vinayak/AnimeFaceDset/Kikyou Kushida/Kikyou_Kushida_29.jpg,valid
/home/vinayak/AnimeFaceDset/Kikyou Kushida/Kikyou_Kushida_6_3.png,valid
/home/vinayak/AnimeFaceDset/Kikyou Kushida/Kikyou_Kushida_16.png,valid
/home/vinayak/AnimeFaceDset/Kikyou Kushida/Kikyou_Kushida_11.png,valid
/home/vinayak/AnimeFaceDset/Kikyou Kushida/Kikyou_Kushida_30.jpg,valid
/home/vinayak/AnimeFaceDset/Kikyou Kushida/Kikyou_Kushida_4.png,valid
/home/vinayak/AnimeFaceDset/Kikyou Kushida/Kikyou_Kushida_6_2.png,valid
/home/vinayak/AnimeFaceDset/Kikyou Kushida/Kikyou_Kushida_3.jpg,valid
/home/vinayak/AnimeFaceDset/Tomoya Aki/Tomoya_Aki_18.jpg,valid
/home/vinayak/AnimeFaceDset/Tomoya Aki/Tomoya_Aki_25.jpg,valid
/home/vinayak/AnimeFaceDset/Tomoya Aki/Tomoya_Aki_37.jpg,valid
/home/vinayak/AnimeFaceDset/Tomoya Aki/Tomoya_Aki_19.png,valid
/home/vinayak/AnimeFaceDset/Tomoya Aki/Tomoya_Aki_32.jpg,valid
/home/vinayak/AnimeFaceDset/Tomoya Aki/Tomoya_Aki_27.jpg,valid
/home/vinayak/AnimeFaceDset/Tomoya Aki/Tomoya_Aki_11.jpg,valid
/home/vinayak/AnimeFaceDset/Tomoya Aki/Tomoya_Aki_3.jpg,valid
/home/vinayak/AnimeFaceDset/Nagisa Furukawa/Nagisa_Furukawa_18.png,valid
/home/vinayak/AnimeFaceDset/Nagisa Furukawa/Nagisa_Furukawa_50.jpg,valid
/home/vinayak/AnimeFaceDset/Nagisa Furukawa/Nagisa_Furukawa_16.png,valid
/home/vinayak/AnimeFaceDset/Nagisa Furukawa/Nagisa_Furukawa_21.jpg,valid
/home/vinayak/AnimeFaceDset/Nagisa Furukawa/Nagisa_Furukawa_6.jpg,valid
/home/vinayak/AnimeFaceDset/Nagisa Furukawa/Nagisa_Furukawa_36.jpg,valid
/home/vinayak/AnimeFaceDset/Nagisa Furukawa/Nagisa_Furukawa_43.jpg,valid
/home/vinayak/AnimeFaceDset/Nagisa Furukawa/Nagisa_Furukawa_29.jpg,valid
/home/vinayak/AnimeFaceDset/Chizuru Mizuhara/Chizuru_Mizuhara_15.jpg,valid
/home/vinayak/AnimeFaceDset/Chizuru Mizuhara/Chizuru_Mizuhara_42.jpg,valid
/home/vinayak/AnimeFaceDset/Chizuru Mizuhara/Chizuru_Mizuhara_5.jpg,valid
/home/vinayak/AnimeFaceDset/Chizuru Mizuhara/Chizuru_Mizuhara_9.png,valid
/home/vinayak/AnimeFaceDset/Chizuru Mizuhara/Chizuru_Mizuhara_5_2.jpg,valid
/home/vinayak/AnimeFaceDset/Chizuru Mizuhara/Chizuru_Mizuhara_1.jpg,valid
/home/vinayak/AnimeFaceDset/Chizuru Mizuhara/Chizuru_Mizuhara_24.jpg,valid
/home/vinayak/AnimeFaceDset/Chizuru Mizuhara/Chizuru_Mizuhara_13.jpg,valid
/home/vinayak/AnimeFaceDset/Miya Atsumu/Miya_Atsumu_6.png,valid
/home/vinayak/AnimeFaceDset/Miya Atsumu/Miya_Atsumu_21.jpg,valid
/home/vinayak/AnimeFaceDset/Miya Atsumu/Miya_Atsumu_30.jpg,valid
/home/vinayak/AnimeFaceDset/Miya Atsumu/Miya_Atsumu_4.jpg,valid
/home/vinayak/AnimeFaceDset/Miya Atsumu/Miya_Atsumu_5.jpg,valid
/home/vinayak/AnimeFaceDset/Miya Atsumu/Miya_Atsumu_18.jpg,valid
/home/vinayak/AnimeFaceDset/Miya Atsumu/Miya_Atsumu_3.jpg,valid
/home/vinayak/AnimeFaceDset/Miya Atsumu/Miya_Atsumu_19.jpg,valid
/home/vinayak/AnimeFaceDset/Murasakibara Atsushi/Murasakibara_Atsushi_14.jpg,valid
/home/vinayak/AnimeFaceDset/Murasakibara Atsushi/Murasakibara_Atsushi_6.jpg,valid
/home/vinayak/AnimeFaceDset/Murasakibara Atsushi/Murasakibara_Atsushi_29.jpg,valid
/home/vinayak/AnimeFaceDset/Murasakibara Atsushi/Murasakibara_Atsushi_43.jpg,valid
/home/vinayak/AnimeFaceDset/Murasakibara Atsushi/Murasakibara_Atsushi_28.png,valid
/home/vinayak/AnimeFaceDset/Murasakibara Atsushi/Murasakibara_Atsushi_3.jpg,valid
/home/vinayak/AnimeFaceDset/Murasakibara Atsushi/Murasakibara_Atsushi_22.jpg,valid
/home/vinayak/AnimeFaceDset/Murasakibara Atsushi/Murasakibara_Atsushi_2.jpg,valid
/home/vinayak/AnimeFaceDset/Natsume Takashi/Natsume_Takashi_26.jpg,valid
/home/vinayak/AnimeFaceDset/Natsume Takashi/Natsume_Takashi_9.jpg,valid
/home/vinayak/AnimeFaceDset/Natsume Takashi/Natsume_Takashi_31.jpg,valid
/home/vinayak/AnimeFaceDset/Natsume Takashi/Natsume_Takashi_14.jpg,valid
/home/vinayak/AnimeFaceDset/Natsume Takashi/Natsume_Takashi_5.png,valid
/home/vinayak/AnimeFaceDset/Natsume Takashi/Natsume_Takashi_13.jpg,valid
/home/vinayak/AnimeFaceDset/Natsume Takashi/Natsume_Takashi_30.jpg,valid
/home/vinayak/AnimeFaceDset/Natsume Takashi/Natsume_Takashi_21.jpg,valid
/home/vinayak/AnimeFaceDset/Suzune Horikita/Suzune_Horikita_21.jpg,valid
/home/vinayak/AnimeFaceDset/Suzune Horikita/Suzune_Horikita_37.jpg,valid
/home/vinayak/AnimeFaceDset/Suzune Horikita/Suzune_Horikita_2_1.png,valid
/home/vinayak/AnimeFaceDset/Suzune Horikita/Suzune_Horikita_30.jpg,valid
/home/vinayak/AnimeFaceDset/Suzune Horikita/Suzune_Horikita_28.jpg,valid
/home/vinayak/AnimeFaceDset/Suzune Horikita/Suzune_Horikita_20.jpg,valid
/home/vinayak/AnimeFaceDset/Suzune Horikita/Suzune_Horikita_13.png,valid
/home/vinayak/AnimeFaceDset/Suzune Horikita/Suzune_Horikita_15.png,valid
/home/vinayak/AnimeFaceDset/Chika Kudo/Chika_Kudo_48.png,valid
/home/vinayak/AnimeFaceDset/Chika Kudo/Chika_Kudo_7.jpg,valid
/home/vinayak/AnimeFaceDset/Chika Kudo/Chika_Kudo_44.jpg,valid
/home/vinayak/AnimeFaceDset/Chika Kudo/Chika_Kudo_39.jpg,valid
/home/vinayak/AnimeFaceDset/Chika Kudo/Chika_Kudo_27.jpg,valid
/home/vinayak/AnimeFaceDset/Chika Kudo/Chika_Kudo_5.jpg,valid
/home/vinayak/AnimeFaceDset/Chika Kudo/Chika_Kudo_14.jpg,valid
/home/vinayak/AnimeFaceDset/Chika Kudo/Chika_Kudo_4.jpg,valid
/home/vinayak/AnimeFaceDset/Natori Shuuichi/Natori_Shuuichi_38.jpg,valid
/home/vinayak/AnimeFaceDset/Natori Shuuichi/Natori_Shuuichi_14.png,valid
/home/vinayak/AnimeFaceDset/Natori Shuuichi/Natori_Shuuichi_24.jpg,valid
/home/vinayak/AnimeFaceDset/Natori Shuuichi/Natori_Shuuichi_4.jpg,valid
/home/vinayak/AnimeFaceDset/Natori Shuuichi/Natori_Shuuichi_21.jpg,valid
/home/vinayak/AnimeFaceDset/Natori Shuuichi/Natori_Shuuichi_6.jpg,valid
/home/vinayak/AnimeFaceDset/Natori Shuuichi/Natori_Shuuichi_7.png,valid
/home/vinayak/AnimeFaceDset/Natori Shuuichi/Natori_Shuuichi_18.png,valid
/home/vinayak/AnimeFaceDset/Daichi Sawamura/Daichi_Sawamura_1.jpg,valid
/home/vinayak/AnimeFaceDset/Daichi Sawamura/Daichi_Sawamura_48.jpg,valid
/home/vinayak/AnimeFaceDset/Daichi Sawamura/Daichi_Sawamura_37.jpg,valid
/home/vinayak/AnimeFaceDset/Daichi Sawamura/Daichi_Sawamura_19.png,valid
/home/vinayak/AnimeFaceDset/Daichi Sawamura/Daichi_Sawamura_2.jpg,valid
/home/vinayak/AnimeFaceDset/Daichi Sawamura/Daichi_Sawamura_17.jpg,valid
/home/vinayak/AnimeFaceDset/Daichi Sawamura/Daichi_Sawamura_26.jpg,valid
/home/vinayak/AnimeFaceDset/Daichi Sawamura/Daichi_Sawamura_12.jpg,valid
/home/vinayak/AnimeFaceDset/Hanako Koyanagi/Hanako_Koyanagi_22.jpg,valid
/home/vinayak/AnimeFaceDset/Hanako Koyanagi/Hanako_Koyanagi_15_1.jpg,valid
/home/vinayak/AnimeFaceDset/Hanako Koyanagi/Hanako_Koyanagi_31.jpg,valid
/home/vinayak/AnimeFaceDset/Hanako Koyanagi/Hanako_Koyanagi_35.jpg,valid
/home/vinayak/AnimeFaceDset/Hanako Koyanagi/Hanako_Koyanagi_21.jpg,valid
/home/vinayak/AnimeFaceDset/Hanako Koyanagi/Hanako_Koyanagi_5.png,valid
/home/vinayak/AnimeFaceDset/Hanako Koyanagi/Hanako_Koyanagi_6.jpg,valid
/home/vinayak/AnimeFaceDset/Hanako Koyanagi/Hanako_Koyanagi_12.jpg,valid
/home/vinayak/AnimeFaceDset/Miya Osamu/Miya_Osamu_9.png,valid
/home/vinayak/AnimeFaceDset/Miya Osamu/Miya_Osamu_18.jpg,valid
/home/vinayak/AnimeFaceDset/Miya Osamu/Miya_Osamu_26.png,valid
/home/vinayak/AnimeFaceDset/Miya Osamu/Miya_Osamu_26_1.png,valid
/home/vinayak/AnimeFaceDset/Miya Osamu/Miya_Osamu_28.jpg,valid
/home/vinayak/AnimeFaceDset/Miya Osamu/Miya_Osamu_4_8.jpg,valid
/home/vinayak/AnimeFaceDset/Miya Osamu/Miya_Osamu_16.jpg,valid
/home/vinayak/AnimeFaceDset/Miya Osamu/Miya_Osamu_49.png,valid
/home/vinayak/AnimeFaceDset/Kuro Tetsuro/Kuro_Tetsuro_19.jpg,valid
/home/vinayak/AnimeFaceDset/Kuro Tetsuro/Kuro_Tetsuro_27.jpg,valid
/home/vinayak/AnimeFaceDset/Kuro Tetsuro/Kuro_Tetsuro_6_balancing.jpg,valid
/home/vinayak/AnimeFaceDset/Kuro Tetsuro/Kuro_Tetsuro_9.jpg,valid
/home/vinayak/AnimeFaceDset/Kuro Tetsuro/Kuro_Tetsuro_25.jpg,valid
/home/vinayak/AnimeFaceDset/Kuro Tetsuro/Kuro_Tetsuro_23.jpg,valid
/home/vinayak/AnimeFaceDset/Kuro Tetsuro/Kuro_Tetsuro_6.jpg,valid
/home/vinayak/AnimeFaceDset/Kuro Tetsuro/Kuro_Tetsuro_3_balancing.png,valid
/home/vinayak/AnimeFaceDset/Izumi Hashima/Izumi_Hashima_11.jpg,valid
/home/vinayak/AnimeFaceDset/Izumi Hashima/Izumi_Hashima_15.png,valid
/home/vinayak/AnimeFaceDset/Izumi Hashima/Izumi_Hashima_20.png,valid
/home/vinayak/AnimeFaceDset/Izumi Hashima/Izumi_Hashima_10.png,valid
/home/vinayak/AnimeFaceDset/Izumi Hashima/Izumi_Hashima_2.jpg,valid
/home/vinayak/AnimeFaceDset/Izumi Hashima/Izumi_Hashima_1.jpg,valid
/home/vinayak/AnimeFaceDset/Izumi Hashima/Izumi_Hashima_28.jpg,valid
/home/vinayak/AnimeFaceDset/Izumi Hashima/Izumi_Hashima_16.jpg,valid
